Nome,Categoria,Link,Bot√£o,TechScore,Cidade
ADEMILSON CESAR TEIXEIRA,Offline / Sem Site,https://www.google.com/search?q=leilao+ADEMILSON+CESAR+TEIXEIRA,üîç Buscar no Google,5,ARA√áATUBA
ADILSON HENRIQUE VASCONCELOS,Offline / Sem Site,https://www.google.com/search?q=leilao+ADILSON+HENRIQUE+VASCONCELOS,üîç Buscar no Google,5,S√ÉO PAULO
ADRIANA RODRIGUES CONRADO,Offline / Sem Site,https://www.google.com/search?q=leilao+ADRIANA+RODRIGUES+CONRADO,üîç Buscar no Google,5,PROMISS√ÉO
ADRIANO MAZANATTI,Offline / Sem Site,https://www.google.com/search?q=leilao+ADRIANO+MAZANATTI,üîç Buscar no Google,5,ASSIS
ADRIANO PIOVEZAN FONTE,Online,http://www.lancejudicial.com.br,üåê Acessar Site,80,GUARUJ√Å
ADRIANO ROCHA NEVES,Online,http://www.rocha.lel.br,üåê Acessar Site,80,S√ÉO PAULO
ADRIANO TESSARINI DE CARVALHO,Offline / Sem Site,https://www.google.com/search?q=leilao+ADRIANO+TESSARINI+DE+CARVALHO,üîç Buscar no Google,5,S√ÉO PAULO
ADRIANO VASCONCELOS,Offline / Sem Site,https://www.google.com/search?q=leilao+ADRIANO+VASCONCELOS,üîç Buscar no Google,5,FRANCA
AEDI DE ANDRADE VERRONE,Online,http://www.lanceleiloes.com,üåê Acessar Site,80,S√ÉO PAULO
AFONSO MARANGONI,Online,http://www.owadv.com.br,üåê Acessar Site,80,S√ÉO PAULO
AGATHA JOCELYN VILAS BOAS,Offline / Sem Site,https://www.google.com/search?q=leilao+AGATHA+JOCELYN+VILAS+BOAS,üîç Buscar no Google,5,S√ÉO PAULO
AGNALDO JOS√â DE MELO,Offline / Sem Site,https://www.google.com/search?q=leilao+AGNALDO+JOS√â+DE+MELO,üîç Buscar no Google,5,ASSIS
AHMAD SAID MOURAD,Offline / Sem Site,https://www.google.com/search?q=leilao+AHMAD+SAID+MOURAD,üîç Buscar no Google,5,S√ÉO PAULO
AHMID HUSSEIN IBRAHIN TAHA,Online,http://www.tahaleiloes.com.br,üåê Acessar Site,80,S√ÉO PAULO
ALBERTO JOSE MARCHI MACEDO,Online,http://www.albertomacedoleiloes.com.br,üåê Acessar Site,80,S√ÉO PAULO
ALESSANDRA CRISTHINA MACEDO DE FREITAS,Online,http://www.freitasleiloeiro.com.br,üåê Acessar Site,80,S√ÉO PAULO
ALESSANDRO DE ASSIS TEIXEIRA,Online,http://www.leiloesjudiciaismg.com.br,üåê Acessar Site,80,PO√áOS DE CALDAS
ALESSANDRO FERRARI,Offline / Sem Site,https://www.google.com/search?q=leilao+ALESSANDRO+FERRARI,üîç Buscar no Google,5,ARARAQUARA
ALETHEA CARVALHO LOPES,Online,http://www.vivaleiloes.com.br,üåê Acessar Site,80,S√ÉO PAULO
ALEXANDRE TRAVASSOS,Online,http://www.majudicial.com,üåê Acessar Site,80,S√ÉO PAULO
ALEXIA DE OLIVEIRA SILVA,Offline / Sem Site,https://www.google.com/search?q=leilao+ALEXIA+DE+OLIVEIRA+SILVA,üîç Buscar no Google,5,S√ÉO PAULO
ALEXIA VILAS BOAS DE ANDRADE,Offline / Sem Site,https://www.google.com/search?q=leilao+ALEXIA+VILAS+BOAS+DE+ANDRADE,üîç Buscar no Google,5,S√ÉO PAULO
ALEXSANDRO BATISTA,Online,http://www.batistaleiloes.com.br,üåê Acessar Site,80,CAMPINAS
ALFIO CARLOS AFFONSO ZALLI NETO,Online,http://www.tezaleiloes.com.br,üåê Acessar Site,80,S√ÉO PAULO
ALINE SOUZA FLORES,Offline / Sem Site,https://www.google.com/search?q=leilao+ALINE+SOUZA+FLORES,üîç Buscar no Google,5,S√ÉO PAULO
ALOISIO CRAVO CARDOSO,Online,http://www.aloisiocravo.com.br,üåê Acessar Site,80,S√ÉO PAULO
ALOISIO LAHYRE DE MAGALHAES,Offline / Sem Site,https://www.google.com/search?q=leilao+ALOISIO+LAHYRE+DE+MAGALHAES,üîç Buscar no Google,5,S√ÉO PAULO
ALVARO MENDES DA SILVA JUNIOR,Offline / Sem Site,https://www.google.com/search?q=leilao+ALVARO+MENDES+DA+SILVA+JUNIOR,üîç Buscar no Google,5,S√ÉO PAULO
AMANDA FIGUEIREDO PAULELLA,Offline / Sem Site,https://www.google.com/search?q=leilao+AMANDA+FIGUEIREDO+PAULELLA,üîç Buscar no Google,5,S√ÉO PAULO
AMANDA PRISCILA PENA CREPALDI,Offline / Sem Site,https://www.google.com/search?q=leilao+AMANDA+PRISCILA+PENA+CREPALDI,üîç Buscar no Google,5,BAURU
AMANDA PEREIRA TOMAZELLI,Online,http://www.ricoleiloes.com.br,üåê Acessar Site,80,S√ÉO PAULO
AMAURY DE LEMOS ROSSATO,Offline / Sem Site,https://www.google.com/search?q=leilao+AMAURY+DE+LEMOS+ROSSATO,üîç Buscar no Google,5,CAMPINAS
AMELIA AMARAL LEVY,Offline / Sem Site,https://www.google.com/search?q=leilao+AMELIA+AMARAL+LEVY,üîç Buscar no Google,5,S√ÉO PAULO
ANA CAROLINA PEREIRA DOS REIS FUGIMOTO,Offline / Sem Site,https://www.google.com/search?q=leilao+ANA+CAROLINA+PEREIRA+DOS+REIS+FUGIMOTO,üîç Buscar no Google,5,CAMPINAS
ANA CLARA DE MELLO E SILVA,Offline / Sem Site,https://www.google.com/search?q=leilao+ANA+CLARA+DE+MELLO+E+SILVA,üîç Buscar no Google,5,VALINHOS
ANA CLAUDIA CAMARGO DE OLIVEIRA,Offline / Sem Site,https://www.google.com/search?q=leilao+ANA+CLAUDIA+CAMARGO+DE+OLIVEIRA,üîç Buscar no Google,5,S√ÉO PAULO
ANA CLAUDIA CAROLINA CAMPOS FRAZAO,Online,http://www.frazaoleiloes.com.br,üåê Acessar Site,80,S√ÉO PAULO
ANA LETICIA MALERBA BUISSA,Offline / Sem Site,https://www.google.com/search?q=leilao+ANA+LETICIA+MALERBA+BUISSA,üîç Buscar no Google,5,S√ÉO JOS√â DO RIO PRETO
ANA MARIA ANDRADE QUINTO,Offline / Sem Site,https://www.google.com/search?q=leilao+ANA+MARIA+ANDRADE+QUINTO,üîç Buscar no Google,5,S√ÉO PAULO
ANANIAS GODOI,Offline / Sem Site,https://www.google.com/search?q=leilao+ANANIAS+GODOI,üîç Buscar no Google,5,MOGI DAS CRUZES
ANDERSON LOPES DE PAULA,Online,http://www.e-leiloes.com.br,üåê Acessar Site,80,S√ÉO PAULO
ANDERSON AMARAL BARROS MORALES,Online,http://www.socorronet.com.br,üåê Acessar Site,80,SOCORRO
ANDRE AMARAL BARROS,Offline / Sem Site,https://www.google.com/search?q=leilao+ANDRE+AMARAL+BARROS,üîç Buscar no Google,5,S√ÉO PAULO
ANDRE CENCIN,Online,http://www.cencin.com.br,üåê Acessar Site,80,S√ÉO PAULO
ANDRE LUIS DIAS ALBINO,Online,http://www.cemservicos.com.br,üåê Acessar Site,80,S√ÉO JOS√â DO RIO PRETO
ANDRE MACEDO CAMPOS TOLEDO,Offline / Sem Site,https://www.google.com/search?q=leilao+ANDRE+MACEDO+CAMPOS+TOLEDO,üîç Buscar no Google,5,S√ÉO PAULO
ANDRE MARIO ARAUJO,Offline / Sem Site,https://www.google.com/search?q=leilao+ANDRE+MARIO+ARAUJO,üîç Buscar no Google,5,FRANCA
ANDRE SILVA SOBREIRA DA SILVA,Online,http://www.icentraljudicial.com.br,üåê Acessar Site,80,S√ÉO PAULO
ANDREA XAVIER MARQUES FERREIRA,Online,http://www.conceitoleiloes.com.br,üåê Acessar Site,80,S√ÉO PAULO
ANDR√â DE PIERI SPINA,Online,http://www.mjgassessoria.com.br,üåê Acessar Site,80,GUARATINGUET√Å
ANGELA EIKO INOUE DOS SANTOS,Online,http://www.extrajustleiloes.com.br,üåê Acessar Site,80,S√ÉO PAULO
ANGELA MEIRELLES LEMES AVELAR,Offline / Sem Site,https://www.google.com/search?q=leilao+ANGELA+MEIRELLES+LEMES+AVELAR,üîç Buscar no Google,5,S√ÉO PAULO
ANGELA PECINI SILVEIRA,Online,http://www.pecinileiloes.com.br,üåê Acessar Site,80,CAMPINAS
ANGELA SARAIVA PORTES SOUZA,Online,http://www.saraivaleiloes.com.br,üåê Acessar Site,80,S√ÉO PAULO
ANGELICA MIEKO INOUE DANTAS,Online,http://www.lancetotal.com.br,üåê Acessar Site,80,S√ÉO PAULO
ANTONIO BOLLA FERREIRA LIMA,Offline / Sem Site,https://www.google.com/search?q=leilao+ANTONIO+BOLLA+FERREIRA+LIMA,üîç Buscar no Google,5,S√ÉO PAULO
ANTONIO CARLOS ALVES E SILVA,Offline / Sem Site,https://www.google.com/search?q=leilao+ANTONIO+CARLOS+ALVES+E+SILVA,üîç Buscar no Google,5,BAURU
ANTONIO CARLOS CELSO SANTOS FRAZAO,Offline / Sem Site,https://www.google.com/search?q=leilao+ANTONIO+CARLOS+CELSO+SANTOS+FRAZAO,üîç Buscar no Google,5,BARUERI
ANTONIO CARLOS FERREIRA BONETTI,Offline / Sem Site,https://www.google.com/search?q=leilao+ANTONIO+CARLOS+FERREIRA+BONETTI,üîç Buscar no Google,5,S√ÉO PAULO
ANTONIO CARLOS SEOANES,Online,http://www.wleiloes.com.br,üåê Acessar Site,80,S√ÉO PAULO
ANTONIO CARLOS VILLA NOVA DE FREITAS,Offline / Sem Site,https://www.google.com/search?q=leilao+ANTONIO+CARLOS+VILLA+NOVA+DE+FREITAS,üîç Buscar no Google,5,S√ÉO PAULO
ANTONIO FERNANDO DE VASCONCELOS PEREIRA,Offline / Sem Site,https://www.google.com/search?q=leilao+ANTONIO+FERNANDO+DE+VASCONCELOS+PEREIRA,üîç Buscar no Google,5,S√ÉO PAULO
ANTONIO HISSAO SATO JUNIOR,Online,http://www.satoleiloes.com.br,üåê Acessar Site,80,S√ÉO CAETANO DO SUL
ANTONIO LOPES LOURENCO,Offline / Sem Site,https://www.google.com/search?q=leilao+ANTONIO+LOPES+LOURENCO,üîç Buscar no Google,5,SOROCABA
ANTONIO LUIZ GUARIGLIA,Offline / Sem Site,https://www.google.com/search?q=leilao+ANTONIO+LUIZ+GUARIGLIA,üîç Buscar no Google,5,CA√áAPAVA
ANTONIO MARCOS GAVA JUNIOR,Offline / Sem Site,https://www.google.com/search?q=leilao+ANTONIO+MARCOS+GAVA+JUNIOR,üîç Buscar no Google,5,BARRA BONITA
ANTONIO SANCHES RAMOS JUNIOR,Offline / Sem Site,https://www.google.com/search?q=leilao+ANTONIO+SANCHES+RAMOS+JUNIOR,üîç Buscar no Google,5,S√ÉO PAULO
APARECIDA MARIA FIXER,Online,http://www.cidafixerleiloes.com.br,üåê Acessar Site,80,CAMPO GRANDE
ARIEL DANIEL DE SOUZA,Offline / Sem Site,https://www.google.com/search?q=leilao+ARIEL+DANIEL+DE+SOUZA,üîç Buscar no Google,5,ARARAQUARA
ARIEL SANCHES GARCIA,Offline / Sem Site,https://www.google.com/search?q=leilao+ARIEL+SANCHES+GARCIA,üîç Buscar no Google,5,S√ÉO PAULO
ARNOLD STRASS,Online,http://www.savoyleiloes.com.br,üåê Acessar Site,80,CAMPOS DO JORD√ÉO
ARTHUR VIEIRA,Offline / Sem Site,https://www.google.com/search?q=leilao+ARTHUR+VIEIRA,üîç Buscar no Google,5,ADAMANTINA
ARY ANDRE NETO,Offline / Sem Site,https://www.google.com/search?q=leilao+ARY+ANDRE+NETO,üîç Buscar no Google,5,ITUPEVA
ARY MORAES AVELINO LOUREN√áO,Offline / Sem Site,https://www.google.com/search?q=leilao+ARY+MORAES+AVELINO+LOUREN√áO,üîç Buscar no Google,5,S√ÉO PAULO
ASTROGILDO AVILA SANTOS,Offline / Sem Site,https://www.google.com/search?q=leilao+ASTROGILDO+AVILA+SANTOS,üîç Buscar no Google,5,S√ÉO PAULO
AUGUSTO PARMEGGIANI PESTANA MARQUES GOMES,Online,http://www.pestanaleiloes.com.br,üåê Acessar Site,80,PORTO ALEGRE
BEATRIZ DE FREITAS LOPES,Offline / Sem Site,https://www.google.com/search?q=leilao+BEATRIZ+DE+FREITAS+LOPES,üîç Buscar no Google,5,SANTO ANDR√â
BEATRIZ SILVA CARVALHO,Offline / Sem Site,https://www.google.com/search?q=leilao+BEATRIZ+SILVA+CARVALHO,üîç Buscar no Google,5,SANTA CRUZ DO RIO PARDO
BENEDITO DE OLIVEIRA SALGADO,Online,http://www.salgadoleiloesonline.com.br,üåê Acessar Site,80,S√ÉO PAULO
BENITO TOMAZ VICENSOTTI,Online,http://www.posseimoveis.com.br,üåê Acessar Site,80,SANTO ANTONIO DE POSSE
BRIAN GALV√ÉO FROTA,Online,http://www.amazonasleiloes.com.br,üåê Acessar Site,80,S√ÉO PAULO
BRUNO AGNELLO PEGORARO,Offline / Sem Site,https://www.google.com/search?q=leilao+BRUNO+AGNELLO+PEGORARO,üîç Buscar no Google,5,MAU√Å
BRUNO DE MENDON√áA OLIVEIRA,Offline / Sem Site,https://www.google.com/search?q=leilao+BRUNO+DE+MENDON√áA+OLIVEIRA,üîç Buscar no Google,5,S√ÉO PAULO
BRUNO HENRIQUE LOPES,Online,http://www.brunoleiloes.com.br,üåê Acessar Site,80,RIBEIR√ÉO PRETO
BRUNO RIBEIRO BASTON,Offline / Sem Site,https://www.google.com/search?q=leilao+BRUNO+RIBEIRO+BASTON,üîç Buscar no Google,5,FRANCA
BRUNO SILVA SANTUCCI,Online,http://www.nextleiloes.com.br,üåê Acessar Site,80,PAUL√çNIA
BRUNO SILVA YOSHIY,Offline / Sem Site,https://www.google.com/search?q=leilao+BRUNO+SILVA+YOSHIY,üîç Buscar no Google,5,BILAC
BRUNO TADEU LUIZ DA SILVA,Offline / Sem Site,https://www.google.com/search?q=leilao+BRUNO+TADEU+LUIZ+DA+SILVA,üîç Buscar no Google,5,PAUL√çNIA
CAIO CESAR PEREIRA CORREA,Offline / Sem Site,https://www.google.com/search?q=leilao+CAIO+CESAR+PEREIRA+CORREA,üîç Buscar no Google,5,SANTOS
CAMILA AGUIAR DIAS CUNHA,Offline / Sem Site,https://www.google.com/search?q=leilao+CAMILA+AGUIAR+DIAS+CUNHA,üîç Buscar no Google,5,SANTANA DE PARNA√çBA
CAMILA TIEMI SANCHES PEREIRA,Offline / Sem Site,https://www.google.com/search?q=leilao+CAMILA+TIEMI+SANCHES+PEREIRA,üîç Buscar no Google,5,MAR√çLIA
CARLA BORBOLLA MORALES,Offline / Sem Site,https://www.google.com/search?q=leilao+CARLA+BORBOLLA+MORALES,üîç Buscar no Google,5,SOCORRO
CARLA SOBREIRA UMINO,Online,http://www.lancenoleilao.com.br,üåê Acessar Site,80,S√ÉO PAULO
CARLO FERRARI,Online,http://www.carloferrarileiloes.com.br,üåê Acessar Site,80,ARARAQUARA
CARLOS ALBERTO FERNANDO SANTOS FRAZAO,Online,http://www.frazaoleiloes.com.br,üåê Acessar Site,80,S√ÉO PAULO
CARLOS ALBERTO MADUREIRA DE OLIVEIRA,Offline / Sem Site,https://www.google.com/search?q=leilao+CARLOS+ALBERTO+MADUREIRA+DE+OLIVEIRA,üîç Buscar no Google,5,CAMPINAS
CARLOS CAMPANHA,Online,http://www.projudleiloes.com.br,üåê Acessar Site,80,S√ÉO PAULO
CARLOS CHUI,Online,http://www.chuileiloes.com.br,üåê Acessar Site,80,S√ÉO PAULO
CARLOS DE JESUS RAMOS RIBEIRO,Online,http://www.rmcleiloes.com.br,üåê Acessar Site,80,CAMPINAS
CARLOS EDUARDO DE BARROS RODRIGUES,Offline / Sem Site,https://www.google.com/search?q=leilao+CARLOS+EDUARDO+DE+BARROS+RODRIGUES,üîç Buscar no Google,5,S√ÉO PAULO
CARLOS EDUARDO LUIS CAMPOS FRAZAO,Online,http://www.frazaoleiloes.com.br,üåê Acessar Site,80,S√ÉO PAULO
CARLOS EDUARDO SORGI DA COSTA,Online,http://www.sumareleiloes.com.br,üåê Acessar Site,80,CAMPINAS
CARLOS FELIPE AUGUSTO SANTOS FRAZ√ÉO PEREIRA BORGES,Online,http://www.maersk.com,üåê Acessar Site,80,SANTOS
CAROLINA BARBOSA DA SILVA GAVINO FIGUEIREDO,Offline / Sem Site,https://www.google.com/search?q=leilao+CAROLINA+BARBOSA+DA+SILVA+GAVINO+FIGUEIREDO,üîç Buscar no Google,5,S√ÉO PAULO
CAROLINA LAURO SODRE SANTORO,Online,http://www.sodresantoro.com.br,üåê Acessar Site,80,S√ÉO PAULO
CAROLINE DE SOUSA RIBAS,Online,http://www.liderleiloes.com.br,üåê Acessar Site,80,SANTO ANDR√â
CASSIA NEGRETE NUNES BALBINO,Online,http://www.globaleiloes.com.br,üåê Acessar Site,80,SOROCABA
CASSIO RENATO DIAS ALBINO,Online,http://www.leiloesalbino.com.br,üåê Acessar Site,80,S√ÉO JOS√â DO RIO PRETO
CATINA NICOLINI IGLESIAS,Offline / Sem Site,https://www.google.com/search?q=leilao+CATINA+NICOLINI+IGLESIAS,üîç Buscar no Google,5,CAMPINAS
CELMA APARECIDA DOS SANTOS,Online,http://www.tripolonileiloes.com.br,üåê Acessar Site,80,LIMEIRA
CELSO RIBEIRO MARTINS FERNANDES,Offline / Sem Site,https://www.google.com/search?q=leilao+CELSO+RIBEIRO+MARTINS+FERNANDES,üîç Buscar no Google,5,CAMPINAS
CESAR AUGUSTO BAGATINI,Offline / Sem Site,https://www.google.com/search?q=leilao+CESAR+AUGUSTO+BAGATINI,üîç Buscar no Google,5,S√ÉO PAULO
CESAR AUGUSTO SILVA VIDUEDO,Offline / Sem Site,https://www.google.com/search?q=leilao+CESAR+AUGUSTO+SILVA+VIDUEDO,üîç Buscar no Google,5,MOGI DAS CRUZES
CESAR JOSE DE CARVALHO,Online,http://www.cruzeiroleiloes.com.br,üåê Acessar Site,80,FRANCA
CEZAR AUGUSTO BADOLATO SILVA,Online,http://www.lut.com.br,üåê Acessar Site,80,S√ÉO PAULO
CIBELLE SIMONETTI SALES,Online,http://www.rocketleiloes.com.br,üåê Acessar Site,80,S√ÉO PAULO
CLAUDINEI ALEX DA SILVA,Offline / Sem Site,https://www.google.com/search?q=leilao+CLAUDINEI+ALEX+DA+SILVA,üîç Buscar no Google,5,S√ÉO PAULO
CLAUDIO MARQUES HENSEL,Online,http://www.claudiohensel.com.br,üåê Acessar Site,80,S√ÉO PAULO
CLAUDIO SOUSA DOS SANTOS,Online,http://www.allianceleiloes.com.br,üåê Acessar Site,80,S√ÉO PAULO
CLEBER PEREIRA CARDOSO,Online,http://www.clebercardosoleiloes.com.br,üåê Acessar Site,80,S√ÉO PAULO
CLECIO OLIVEIRA DE CARVALHO,Online,http://www.leilaooficialonline.com.br,üåê Acessar Site,80,S√ÉO CAETANO DO SUL
CLEIA LUCIA SATIKO HIRASSAWA CHUI,Online,http://www.chuileiloes.com.br,üåê Acessar Site,80,S√ÉO PAULO
CLEITON ROBERIO CORDEIRO,Offline / Sem Site,https://www.google.com/search?q=leilao+CLEITON+ROBERIO+CORDEIRO,üîç Buscar no Google,5,S√ÉO BERNARDO DO CAMPO
CLEITON RONALDO DA SILVA CALDEREIRO,Online,http://www.paulinialeiloes.com.br,üåê Acessar Site,80,PAUL√çNIA
CONCEI√á√ÉO MARIA FIXER,Online,http://www.mariafixerleiloes.com.br,üåê Acessar Site,80,CAMPO GRANDE
CREUSA CARDOSO DE √ÅVILA,Offline / Sem Site,https://www.google.com/search?q=leilao+CREUSA+CARDOSO+DE+√ÅVILA,üîç Buscar no Google,5,S√ÉO PAULO
CRISLAINE MICHELLE,Offline / Sem Site,https://www.google.com/search?q=leilao+CRISLAINE+MICHELLE,üîç Buscar no Google,5,S√ÉO PAULO
COSTA SALLISTIANO,Offline / Sem Site,https://www.google.com/search?q=leilao+COSTA+SALLISTIANO,üîç Buscar no Google,5,
CRISTIANE APARECIDA MOREIRA TEIXEIRA,Offline / Sem Site,https://www.google.com/search?q=leilao+CRISTIANE+APARECIDA+MOREIRA+TEIXEIRA,üîç Buscar no Google,5,S√ÉO PAULO
CRISTIANE BORGUETTI MORAES LOPES,Online,http://www.lopesleiloes.com.br,üåê Acessar Site,80,SANTO ANDR√â
CRISTIANE FRANKLIN SIM√ïES,Offline / Sem Site,https://www.google.com/search?q=leilao+CRISTIANE+FRANKLIN+SIM√ïES,üîç Buscar no Google,5,S√ÉO PAULO
CRISTIANO ALBERTO DOS SANTOS,Offline / Sem Site,https://www.google.com/search?q=leilao+CRISTIANO+ALBERTO+DOS+SANTOS,üîç Buscar no Google,5,S√ÉO PAULO
CRISTIANO DUARTE,Online,http://www.duarteleiloes.lel.br,üåê Acessar Site,80,JA√ö
CRISTIANO GOMES FERREIRA,Online,http://www.palaciodosleiloes.com.br,üåê Acessar Site,80,BELO HORIZONTE
CRISTINA CRUZ DE NEGREIROS,Offline / Sem Site,https://www.google.com/search?q=leilao+CRISTINA+CRUZ+DE+NEGREIROS,üîç Buscar no Google,5,S√ÉO PAULO
DAGMAR CONCEICAO DE SOUZA FLORES,Online,http://www.leilaobrasil.com.br,üåê Acessar Site,80,S√ÉO PAULO
DAISY JORGE CARLOS,Offline / Sem Site,https://www.google.com/search?q=leilao+DAISY+JORGE+CARLOS,üîç Buscar no Google,5,S√ÉO PAULO
DANIEL BIZERRA DA COSTA,Offline / Sem Site,https://www.google.com/search?q=leilao+DANIEL+BIZERRA+DA+COSTA,üîç Buscar no Google,5,S√ÉO PAULO
DANIEL ELIAS GARCIA,Online,http://www.dgleiloes.com.br,üåê Acessar Site,80,S√ÉO PAULO
DANIEL HAMOUI,Offline / Sem Site,https://www.google.com/search?q=leilao+DANIEL+HAMOUI,üîç Buscar no Google,5,S√ÉO PAULO
DANIEL MELO CRUZ,Online,http://www.lancejudicial.com.br,üåê Acessar Site,80,GUARUJ√Å
DANIEL OLIVEIRA JUNIOR,Online,http://www.libraswifi.com.br,üåê Acessar Site,80,ITU
DANIEL TEIXEIRA FALCETTA,Offline / Sem Site,https://www.google.com/search?q=leilao+DANIEL+TEIXEIRA+FALCETTA,üîç Buscar no Google,5,S√ÉO PAULO
DANIELLE MARIE LEMOS DA CRUZ,Online,http://www.ricoleiloes.com.br,üåê Acessar Site,80,S√ÉO PAULO
DANILLO FABRICIO BALLINI MIANI,Online,http://www.dbmleiloes.com.br,üåê Acessar Site,80,S√ÉO PAULO
DANILO APARECIDO DE OLIVEIRA,Offline / Sem Site,https://www.google.com/search?q=leilao+DANILO+APARECIDO+DE+OLIVEIRA,üîç Buscar no Google,5,S√ÉO PAULO
DANILO CARDOSO DA SILVA,Offline / Sem Site,https://www.google.com/search?q=leilao+DANILO+CARDOSO+DA+SILVA,üîç Buscar no Google,5,S√ÉO PAULO
DARIO SOUZA JUNIOR,Offline / Sem Site,https://www.google.com/search?q=leilao+DARIO+SOUZA+JUNIOR,üîç Buscar no Google,5,S√ÉO PAULO
DAVI BORGES DE AQUINO,Online,http://www.alfaleiloes.com,üåê Acessar Site,80,S√ÉO PAULO
DEBORA AOKI,Offline / Sem Site,https://www.google.com/search?q=leilao+DEBORA+AOKI,üîç Buscar no Google,5,S√ÉO PAULO
DEBORA CRISTINA TOME CORDEIRO DA SILVA,Online,http://www.multipliqueleiloes.com.br,üåê Acessar Site,80,S√ÉO PAULO
DEBORA DE OLIVEIRA TAVARES NANI,Offline / Sem Site,https://www.google.com/search?q=leilao+DEBORA+DE+OLIVEIRA+TAVARES+NANI,üîç Buscar no Google,5,S√ÉO PAULO
DECIO TETSUO GANIKO,Offline / Sem Site,https://www.google.com/search?q=leilao+DECIO+TETSUO+GANIKO,üîç Buscar no Google,5,ARA√áATUBA
DEILSON LUCAS DO ESPIRITO SANTO,Offline / Sem Site,https://www.google.com/search?q=leilao+DEILSON+LUCAS+DO+ESPIRITO+SANTO,üîç Buscar no Google,5,S√ÉO PAULO
DELVAIR HONORIO DOS SANTOS,Online,http://www.arrematacaojudicial.com.br,üåê Acessar Site,80,FERNAND√ìPOLIS
DENYS PYERRE DE OLIVEIRA,Online,http://www.leje.com.br,üåê Acessar Site,80,BARUERI
DIEFERSON DOS SANTOS DIAS,Offline / Sem Site,https://www.google.com/search?q=leilao+DIEFERSON+DOS+SANTOS+DIAS,üîç Buscar no Google,5,BAURU
DIOGO SEIJY TSUDA,Offline / Sem Site,https://www.google.com/search?q=leilao+DIOGO+SEIJY+TSUDA,üîç Buscar no Google,5,S√ÉO PAULO
DJALMA LUCIO RODRIGUES,Offline / Sem Site,https://www.google.com/search?q=leilao+DJALMA+LUCIO+RODRIGUES,üîç Buscar no Google,5,S√ÉO ROQUE
DOMINGOS VALTER SAMMARCO SOBRINHO,Online,http://www.contabilng.com.br,üåê Acessar Site,80,S√ÉO BERNARDO DO CAMPO
DORA PLAT,Online,http://www.zukerman.com.br,üåê Acessar Site,80,S√ÉO PAULO
DORCA PEREIRA DOS REIS,Online,http://www.stiloleiloes.com.br,üåê Acessar Site,80,S√ÉO PAULO
DOUGLAS JOSE FIDALGO,Online,http://www.fidalgoleiloes.com.br,üåê Acessar Site,80,S√ÉO PAULO
DOUGLAS TUPINAMBA CAMARGO,Online,http://www.douglastupinamba.com.br,üåê Acessar Site,80,S√ÉO PAULO
EDER AMARAL DE OLIVEIRA,Online,http://www.amaralleiloes.com.br,üåê Acessar Site,80,S√ÉO PAULO
EDISON AMODEO,Offline / Sem Site,https://www.google.com/search?q=leilao+EDISON+AMODEO,üîç Buscar no Google,5,S√ÉO PAULO
EDMAR OLIVEIRA ANDRADE NETO,Offline / Sem Site,https://www.google.com/search?q=leilao+EDMAR+OLIVEIRA+ANDRADE+NETO,üîç Buscar no Google,5,S√ÉO PAULO
EDSON CARLOS FRAGA COSTA YARID,Offline / Sem Site,https://www.google.com/search?q=leilao+EDSON+CARLOS+FRAGA+COSTA+YARID,üîç Buscar no Google,5,JUNDIA√ç
EDUARDA GODOY DE SOUZA,Offline / Sem Site,https://www.google.com/search?q=leilao+EDUARDA+GODOY+DE+SOUZA,üîç Buscar no Google,5,MAR√çLIA
EDUARDO CONSENTINO,Online,http://www.biasileiloes.com.br,üåê Acessar Site,80,S√ÉO PAULO
EDUARDO ABREU ALVES BARBOSA,Online,http://www.bestleiloes.com.br,üåê Acessar Site,80,S√ÉO PAULO
EDUARDO BERRIBILLI,Offline / Sem Site,https://www.google.com/search?q=leilao+EDUARDO+BERRIBILLI,üîç Buscar no Google,5,S√ÉO CARLOS
EDUARDO CALIXTO DE SOUZA,Offline / Sem Site,https://www.google.com/search?q=leilao+EDUARDO+CALIXTO+DE+SOUZA,üîç Buscar no Google,5,S√ÉO PAULO
EDUARDO DA SILVA PINTO,Online,http://www.tribunaleiloes.com.br,üåê Acessar Site,80,S√ÉO PAULO
EDUARDO DIX FUCHS,Offline / Sem Site,https://www.google.com/search?q=leilao+EDUARDO+DIX+FUCHS,üîç Buscar no Google,5,S√ÉO PAULO
EDUARDO DOS REIS,Online,http://www.casareisleiloes.com.br,üåê Acessar Site,80,S√ÉO PAULO
EDUARDO JORDAO BOYADJIAN,Online,http://www.jordaoleiloes.com.br,üåê Acessar Site,80,S√ÉO PAULO
EDUARDO MACARIO DE MELO,Offline / Sem Site,https://www.google.com/search?q=leilao+EDUARDO+MACARIO+DE+MELO,üîç Buscar no Google,5,VARGEM GRANDE PAULISTA
EDUARDO SCHMITZ,Online,http://www.clicleiloes.com.br,üåê Acessar Site,80,S√ÉO PAULO
EDUARDO SUENAGA,Offline / Sem Site,https://www.google.com/search?q=leilao+EDUARDO+SUENAGA,üîç Buscar no Google,5,MOGI DAS CRUZES
EDUARDO SYLVIO SCHANZER,Online,http://www.superbid.net,üåê Acessar Site,80,S√ÉO PAULO
ELIANA CORTEZ DE BARROS SILVA,Offline / Sem Site,https://www.google.com/search?q=leilao+ELIANA+CORTEZ+DE+BARROS+SILVA,üîç Buscar no Google,5,FRANCA
ELISA AMADO CENCIN,Online,http://www.cencin.com.br,üåê Acessar Site,80,S√ÉO PAULO
ELISANGELA ALVES MADUREIRA SASS,Offline / Sem Site,https://www.google.com/search?q=leilao+ELISANGELA+ALVES+MADUREIRA+SASS,üîç Buscar no Google,5,RIO CLARO
ELIZE ARAUJO KITANO MATSUNAGA,Offline / Sem Site,https://www.google.com/search?q=leilao+ELIZE+ARAUJO+KITANO+MATSUNAGA,üîç Buscar no Google,5,S√ÉO PAULO
EMANOELA MEDEIROS,Offline / Sem Site,https://www.google.com/search?q=leilao+EMANOELA+MEDEIROS,üîç Buscar no Google,5,PIRAPOZINHO
EMANUELE GALVEZ,Offline / Sem Site,https://www.google.com/search?q=leilao+EMANUELE+GALVEZ,üîç Buscar no Google,5,S√ÉO PAULO
EMERSON LOPES CARDOSO,Online,http://www.cardosoleiloes.com.br,üåê Acessar Site,80,CAMPINAS
ERICA CRISTINA BORRO,Online,http://www.leiloesmager.com.br,üåê Acessar Site,80,POMP√âIA
ERICK SOARES HAMMOUD TELES,Online,http://www.tezaleiloes.com.br,üåê Acessar Site,80,S√ÉO PAULO
ERICO LAGES SOARES,Online,http://www.ericoleiloes.com.br,üåê Acessar Site,80,S√ÉO PAULO
ERIKA CALIGHER NEME MENNA BARRETO DE BARROS FALC√ÉO,Offline / Sem Site,https://www.google.com/search?q=leilao+ERIKA+CALIGHER+NEME+MENNA+BARRETO+DE+BARROS+FALC√ÉO,üîç Buscar no Google,5,CAMPINAS
ERIVELTO MARQUES,Offline / Sem Site,https://www.google.com/search?q=leilao+ERIVELTO+MARQUES,üîç Buscar no Google,5,DIADEMA
ERNANI GONCALVES,Online,http://www.tkl.com.br,üåê Acessar Site,80,S√ÉO PAULO
ERWIN DELANO FRANCI DI BROTTO,Offline / Sem Site,https://www.google.com/search?q=leilao+ERWIN+DELANO+FRANCI+DI+BROTTO,üîç Buscar no Google,5,SANTO ANDR√â
EUCLIDES MARASCHI JUNIOR,Online,http://www.hastapublica.com.br,üåê Acessar Site,80,ARARAQUARA
EVANDRO LUIZ RODRIGUES,Online,http://www.sumareleiloes.com.br,üåê Acessar Site,80,CAIEIRAS
EVANDRO MOURA DE SIQUEIRA,Offline / Sem Site,https://www.google.com/search?q=leilao+EVANDRO+MOURA+DE+SIQUEIRA,üîç Buscar no Google,5,S√ÉO PAULO
FABIANA CUSATO,Online,http://www.unileiloes.com.br,üåê Acessar Site,80,S√ÉO PAULO
FABIANA GOLDHAR RAICHER,Offline / Sem Site,https://www.google.com/search?q=leilao+FABIANA+GOLDHAR+RAICHER,üîç Buscar no Google,5,S√ÉO PAULO
FABIANA ROSA DE JESUS,Online,http://www.fidalgoleiloes.com.br,üåê Acessar Site,80,S√ÉO PAULO
FABIO GON√áALVES BARBOSA,Online,http://www.fabiobarbosaleiloes.com.br,üåê Acessar Site,80,ARARUNA
FABIO GREGGIO,Offline / Sem Site,https://www.google.com/search?q=leilao+FABIO+GREGGIO,üîç Buscar no Google,5,VALINHOS
FABIO PRANDO FAGUNDES GOES,Offline / Sem Site,https://www.google.com/search?q=leilao+FABIO+PRANDO+FAGUNDES+GOES,üîç Buscar no Google,5,COTIA
FABIO CARDOSO PEREIRA,Offline / Sem Site,https://www.google.com/search?q=leilao+FABIO+CARDOSO+PEREIRA,üîç Buscar no Google,5,GUARULHOS
FARAH CATARINA VASCONCELOS DE SANTI,Online,http://www.desantileiloes.com.br,üåê Acessar Site,80,CRAVINHOS
FELIPE AMARAL DE CARVALHO,Offline / Sem Site,https://www.google.com/search?q=leilao+FELIPE+AMARAL+DE+CARVALHO,üîç Buscar no Google,5,FRANCA
FELIPE NUNES GOMES TEIXEIRA BIGNARDI,Online,http://www.leiloei.com,üåê Acessar Site,80,S√ÉO PAULO
FELIPE ZAMPIERI DUBOVISKI,Offline / Sem Site,https://www.google.com/search?q=leilao+FELIPE+ZAMPIERI+DUBOVISKI,üîç Buscar no Google,5,GUARULHOS
FERNANDA DE MELLO FRANCO,Online,http://www.francoleiloes.com.br,üåê Acessar Site,80,BELO HORIZONTE
FERNANDA MOURA RUIC,Online,http://www.mjgassessoria.com.br,üåê Acessar Site,80,S√ÉO PAULO
FERNANDO BARBOSA CABE√áAS,Online,http://www.grupoarremateleiloes.com.br,üåê Acessar Site,80,S√ÉO PAULO
FERNANDO CAETANO MOREIRA,Online,http://www.gspleiloes.com.br,üåê Acessar Site,80,GUARULHOS
FERNANDO CAETANO MOREIRA FILHO,Online,http://www.fernandoleiloeiro.com.br,üåê Acessar Site,80,CONTAGEM
FERNANDO CHUI,Online,http://www.chuileiloes.com.br,üåê Acessar Site,80,S√ÉO PAULO
FERNANDO DOMINGUES DE OLIVEIRA JUNIOR,Offline / Sem Site,https://www.google.com/search?q=leilao+FERNANDO+DOMINGUES+DE+OLIVEIRA+JUNIOR,üîç Buscar no Google,5,S√ÉO PAULO
FERNANDO FERNANDEZ,Online,http://www.gaudi.com.br,üåê Acessar Site,80,S√ÉO PAULO
FERNANDO JOSE CERELLO PEREIRA GONCALVES,Online,http://www.megaleiloes.com.br,üåê Acessar Site,80,S√ÉO PAULO
FERNANDO SACCO NETO,Online,http://www.vivaleiloes.com.br,üåê Acessar Site,80,S√ÉO PAULO
FERNANDO SEMERDJIAN,Offline / Sem Site,https://www.google.com/search?q=leilao+FERNANDO+SEMERDJIAN,üîç Buscar no Google,5,S√ÉO PAULO
FLAVIA CARDOSO SOARES,Offline / Sem Site,https://www.google.com/search?q=leilao+FLAVIA+CARDOSO+SOARES,üîç Buscar no Google,5,S√ÉO PAULO
FLAVIO SODRE SANTORO,Online,http://www.sodresantoro.com.br,üåê Acessar Site,80,S√ÉO PAULO
FLAVIO DE CARVALHO,Offline / Sem Site,https://www.google.com/search?q=leilao+FLAVIO+DE+CARVALHO,üîç Buscar no Google,5,SANTO ANDR√â
FRANCESCO BUDANO JUNIOR,Offline / Sem Site,https://www.google.com/search?q=leilao+FRANCESCO+BUDANO+JUNIOR,üîç Buscar no Google,5,S√ÉO PAULO
FRANCISCO TRIPOLONI DONIZETTI,Online,http://www.tripolonileiloes.com.br,üåê Acessar Site,80,LIMEIRA
FRANCISCO ZACCARINO JUNIOR,Offline / Sem Site,https://www.google.com/search?q=leilao+FRANCISCO+ZACCARINO+JUNIOR,üîç Buscar no Google,5,S√ÉO PAULO
FREDERICO ALBERTO SEVERINO FRAZAO,Online,http://www.marsleilao.com.br,üåê Acessar Site,80,S√ÉO PAULO
GABRIEL AUGUSTO VASCONCELOS DE SANTI,Online,http://www.desantileiloes.com.br,üåê Acessar Site,80,CRAVINHOS
GABRIEL ROBERTO TORRES,Offline / Sem Site,https://www.google.com/search?q=leilao+GABRIEL+ROBERTO+TORRES,üîç Buscar no Google,5,RIBEIR√ÉO PRETO
GALMAR MARCOS CARDOSO,Offline / Sem Site,https://www.google.com/search?q=leilao+GALMAR+MARCOS+CARDOSO,üîç Buscar no Google,5,GUARULHOS
GALVEZ GON√áALVES,Offline / Sem Site,https://www.google.com/search?q=leilao+GALVEZ+GON√áALVES,üîç Buscar no Google,5,S√ÉO PAULO
GEASE HENRIQUE DE OLIVEIRA MIGUEL,Offline / Sem Site,https://www.google.com/search?q=leilao+GEASE+HENRIQUE+DE+OLIVEIRA+MIGUEL,üîç Buscar no Google,5,HORTOL√ÇNDIA
GELSI REGINA DE OLIVEIRA,Offline / Sem Site,https://www.google.com/search?q=leilao+GELSI+REGINA+DE+OLIVEIRA,üîç Buscar no Google,5,S√ÉO PAULO
GEORGE HENRIQUE RIBEIRO BENOZZATI,Online,http://www.benozzati.com.br,üåê Acessar Site,80,ITANHA√âM
GEORGIA DE SOUZA CASTELO,Online,http://www.montenegroleiloes.com.br,üåê Acessar Site,80,FORTALEZA
GEORGIOS JOSE ILIAS BERNABE ALEXANDRIDIS,Online,http://www.alexandridisleiloes.com.br,üåê Acessar Site,80,S√ÉO PAULO
GERSON ATAGI CEGLIO,Offline / Sem Site,https://www.google.com/search?q=leilao+GERSON+ATAGI+CEGLIO,üîç Buscar no Google,5,S√ÉO PAULO
GILBERTO FORTES DO AMARAL FILHO,Offline / Sem Site,https://www.google.com/search?q=leilao+GILBERTO+FORTES+DO+AMARAL+FILHO,üîç Buscar no Google,5,S√ÉO PAULO
GILSON KENITI INUMARU,Online,http://www.gilsonleiloes.com.br,üåê Acessar Site,80,RIBEIR√ÉO PRETO
GIORDANO BRUNO COAN AMADOR,Online,http://www.giordanoleiloes.com.br,üåê Acessar Site,80,S√ÉO PAULO
GIOVANNA FENOGLIO DOS SANTOS,Online,http://www.ricoleiloes.com.br,üåê Acessar Site,80,S√ÉO PAULO
GIOVANNA TAVARES MARTINS KERRY,Online,http://www.andersonoliveira.adm.br,üåê Acessar Site,80,SANTANA DE PARNA√çBA
GIOVANNI LUCA TISSIANO MARTINS,Offline / Sem Site,https://www.google.com/search?q=leilao+GIOVANNI+LUCA+TISSIANO+MARTINS,üîç Buscar no Google,5,RIO CLARO
GISELE QUEIROZ DOS SANTOS MESQUITA,Offline / Sem Site,https://www.google.com/search?q=leilao+GISELE+QUEIROZ+DOS+SANTOS+MESQUITA,üîç Buscar no Google,5,S√ÉO CAETANO DO SUL
GLAUCIA ESTELA CAMARGO,Offline / Sem Site,https://www.google.com/search?q=leilao+GLAUCIA+ESTELA+CAMARGO,üîç Buscar no Google,5,AMERICANA
GUACYARA HADDAD,Offline / Sem Site,https://www.google.com/search?q=leilao+GUACYARA+HADDAD,üîç Buscar no Google,5,AMERICANA
GUIDO SANTOS DO NASCIMENTO,Offline / Sem Site,https://www.google.com/search?q=leilao+GUIDO+SANTOS+DO+NASCIMENTO,üîç Buscar no Google,5,OSASCO
GUILHERME DE MOURA AZEVEDO,Offline / Sem Site,https://www.google.com/search?q=leilao+GUILHERME+DE+MOURA+AZEVEDO,üîç Buscar no Google,5,S√ÉO PAULO
GUILHERME DE OLIVEIRA ROSSI,Offline / Sem Site,https://www.google.com/search?q=leilao+GUILHERME+DE+OLIVEIRA+ROSSI,üîç Buscar no Google,5,S√ÉO PAULO
GUILHERME EDUARDO STUTZ TOPOROSKI,Online,http://www.topoleiloes.com.br,üåê Acessar Site,80,CURITIBA
GUILHERME ROBERTO DORTA DA SILVA,Online,http://www.dortaadv.com.br,üåê Acessar Site,80,BARUERI
GUILHERME VALLAND JUNIOR,Offline / Sem Site,https://www.google.com/search?q=leilao+GUILHERME+VALLAND+JUNIOR,üîç Buscar no Google,5,S√ÉO PAULO
GUSTAVO AUGUSTO MAGALH√ÉES,Online,http://www.gmleiloes.com,üåê Acessar Site,80,S√ÉO PAULO
GUSTAVO CORREA PEREIRA DA SILVA,Offline / Sem Site,https://www.google.com/search?q=leilao+GUSTAVO+CORREA+PEREIRA+DA+SILVA,üîç Buscar no Google,5,CAMPO GRANDE
GUSTAVO CRISTIANO SAMUEL DOS REIS,Online,http://www.gustavoreisleiloes.com.br,üåê Acessar Site,80,S√ÉO PAULO
GUSTAVO DE OLIVEIRA ROSSI,Online,http://www.rossileiloes.com.br,üåê Acessar Site,80,S√ÉO PAULO
GUSTAVO DEL BIANCO DE FREITAS,Offline / Sem Site,https://www.google.com/search?q=leilao+GUSTAVO+DEL+BIANCO+DE+FREITAS,üîç Buscar no Google,5,FRANCA
GUSTAVO MORETTO GUIMARAES DE OLIVEIRA,Online,http://www.sumareleiloes.com.br,üåê Acessar Site,80,SUMAR√â
GUSTAVO SOARES VASCONCELOS,Online,http://www.gestorial.com.br,üåê Acessar Site,80,S√ÉO PAULO
HELCIO KRONBERG,Online,http://www.kronberg.com.br,üåê Acessar Site,80,CURITIBA
HELEN CRISTINE MONTEIRO RIBEIRO,Offline / Sem Site,https://www.google.com/search?q=leilao+HELEN+CRISTINE+MONTEIRO+RIBEIRO,üîç Buscar no Google,5,S√ÉO PAULO
HELEN PESTILE PEREIRA DE SOUZA,Online,http://www.helenpspsadv.com.br,üåê Acessar Site,80,VARGINHA
HELIO DEUTSCH DE FREITAS BRAGA,Offline / Sem Site,https://www.google.com/search?q=leilao+HELIO+DEUTSCH+DE+FREITAS+BRAGA,üîç Buscar no Google,5,S√ÉO PAULO
HELIO JOSE ABDOU,Offline / Sem Site,https://www.google.com/search?q=leilao+HELIO+JOSE+ABDOU,üîç Buscar no Google,5,S√ÉO PAULO
HENRIQUE DA CUNHA FERREIRA SANTANA,Offline / Sem Site,https://www.google.com/search?q=leilao+HENRIQUE+DA+CUNHA+FERREIRA+SANTANA,üîç Buscar no Google,5,S√ÉO PAULO
HERCULES BARROSO DE SOUZA,Offline / Sem Site,https://www.google.com/search?q=leilao+HERCULES+BARROSO+DE+SOUZA,üîç Buscar no Google,5,S√ÉO JOS√â DO RIO PRETO
HORACIO ERNANI RODRIGUES DE MELLO,Offline / Sem Site,https://www.google.com/search?q=leilao+HORACIO+ERNANI+RODRIGUES+DE+MELLO,üîç Buscar no Google,5,S√ÉO PAULO
HUGO ALEXANDRE PEDRO ALEM,Offline / Sem Site,https://www.google.com/search?q=leilao+HUGO+ALEXANDRE+PEDRO+ALEM,üîç Buscar no Google,5,RIBEIR√ÉO PRETO
HUGO LEONARDO ALVARENGA CUNHA,Online,http://www.cunhaleiloeiro.com.br,üåê Acessar Site,80,S√ÉO PAULO
ICARO LACIALAMELLA,Online,http://www.salaosavana.com.br,üåê Acessar Site,80,SANTANA DE PARNA√çBA
IGOR BARROS DE MIRANDA CARVALHO,Online,http://www.lancejudicial.com.br,üåê Acessar Site,80,RIO DE JANEIRO
IRANI FLORES,Online,http://www.leilaobrasil.com.br,üåê Acessar Site,80,S√ÉO PAULO
ISABELLE VITAL MAXIMO,Online,http://www.alfaleiloes.com,üåê Acessar Site,80,S√ÉO PAULO
IZABELLA MELO FERREIRA,Offline / Sem Site,https://www.google.com/search?q=leilao+IZABELLA+MELO+FERREIRA,üîç Buscar no Google,5,NOVA LIMA
JAMES ARTHUR LOBO LISBOA,Online,http://www.leilaodearte.com,üåê Acessar Site,80,S√ÉO PAULO
JANAINA DA SILVA VISPO,Online,http://www.rocketleiloes.com.br,üåê Acessar Site,80,S√ÉO PAULO
JAQUELINE DANTAS DOS SANTOS,Offline / Sem Site,https://www.google.com/search?q=leilao+JAQUELINE+DANTAS+DOS+SANTOS,üîç Buscar no Google,5,OSASCO
JAQUELINE VIEIRA DE AMORIM,Offline / Sem Site,https://www.google.com/search?q=leilao+JAQUELINE+VIEIRA+DE+AMORIM,üîç Buscar no Google,5,BARUERI
JESSICA SILVA MARQUES,Offline / Sem Site,https://www.google.com/search?q=leilao+JESSICA+SILVA+MARQUES,üîç Buscar no Google,5,FRANCA
JETER DE OLIVEIRA ZACCARO,Online,http://www.megavaleleiloes.com.br,üåê Acessar Site,80,S√ÉO JOS√â DOS CAMPOS
JOAO ROBERTO DA COSTA DANTAS,Online,http://www.dantasleiloes.com.br,üåê Acessar Site,80,SANTOS
JOAO PAULO LIMA DO AMARAL SIUFI,Offline / Sem Site,https://www.google.com/search?q=leilao+JOAO+PAULO+LIMA+DO+AMARAL+SIUFI,üîç Buscar no Google,5,S√ÉO PAULO
JO√ÉO VICTOR DE ABREU MORBI GALV√ÉO FROTA,Offline / Sem Site,https://www.google.com/search?q=leilao+JO√ÉO+VICTOR+DE+ABREU+MORBI+GALV√ÉO+FROTA,üîç Buscar no Google,5,S√ÉO PAULO
JO√ÉO NETO DANIEL CARDOSO,Offline / Sem Site,https://www.google.com/search?q=leilao+JO√ÉO+NETO+DANIEL+CARDOSO,üîç Buscar no Google,5,S√ÉO BERNARDO DO CAMPO
JOEL AUGUSTO PICELLI FILHO,Online,http://www.picellileiloes.com.br,üåê Acessar Site,80,JAGUARI√öNA
JONAS COIMBRA DELLA TONIA,Online,http://www.vsbadvogados.com.br,üåê Acessar Site,80,JA√ö
JONAS GABRIEL ANTUNES MOREIRA,Offline / Sem Site,https://www.google.com/search?q=leilao+JONAS+GABRIEL+ANTUNES+MOREIRA,üîç Buscar no Google,5,PAR√Å DE MINAS
JONAS ROSA PEREIRA,Offline / Sem Site,https://www.google.com/search?q=leilao+JONAS+ROSA+PEREIRA,üîç Buscar no Google,5,S√ÉO PAULO
JONAS RYMER,Offline / Sem Site,https://www.google.com/search?q=leilao+JONAS+RYMER,üîç Buscar no Google,5,S√ÉO PAULO
JONATAN RAFAEL DA SILVA,Offline / Sem Site,https://www.google.com/search?q=leilao+JONATAN+RAFAEL+DA+SILVA,üîç Buscar no Google,5,S√ÉO PAULO
JORGE FERLIN DALE NOGARI DOS SANTOS,Online,http://www.nogari.com.br,üåê Acessar Site,80,S√ÉO PAULO
JORGE HENRIQUE FUKASAWA,Offline / Sem Site,https://www.google.com/search?q=leilao+JORGE+HENRIQUE+FUKASAWA,üîç Buscar no Google,5,S√ÉO PAULO
JORGE LUIZ MOLGADO,Online,http://www.molgado.com.br,üåê Acessar Site,80,S√ÉO CAETANO DO SUL
JORGE NUNES JUAREZ,Offline / Sem Site,https://www.google.com/search?q=leilao+JORGE+NUNES+JUAREZ,üîç Buscar no Google,5,GUARULHOS
JORGE RAGHEB OBEID,Offline / Sem Site,https://www.google.com/search?q=leilao+JORGE+RAGHEB+OBEID,üîç Buscar no Google,5,S√ÉO PAULO
JOSE ALCANTARA MENDONCA,Offline / Sem Site,https://www.google.com/search?q=leilao+JOSE+ALCANTARA+MENDONCA,üîç Buscar no Google,5,PEN√ÅPOLIS
JOSE ANTONIO PERON,Offline / Sem Site,https://www.google.com/search?q=leilao+JOSE+ANTONIO+PERON,üîç Buscar no Google,5,VARGEM GRANDE PAULISTA
JOSE AUGUSTO BILLY DA SILVA,Offline / Sem Site,https://www.google.com/search?q=leilao+JOSE+AUGUSTO+BILLY+DA+SILVA,üîç Buscar no Google,5,S√ÉO PAULO
JOSE CARLOS CHAGAS,Offline / Sem Site,https://www.google.com/search?q=leilao+JOSE+CARLOS+CHAGAS,üîç Buscar no Google,5,SANTOS
JOSE DILSON DAS CHAGAS,Offline / Sem Site,https://www.google.com/search?q=leilao+JOSE+DILSON+DAS+CHAGAS,üîç Buscar no Google,5,S√ÉO PAULO
JOSE EDUARDO DE ABREU SODRE SANTORO,Online,http://www.sodresantoro.com.br,üåê Acessar Site,80,S√ÉO PAULO
JOSE LUIS TEIXEIRA QUENCA,Offline / Sem Site,https://www.google.com/search?q=leilao+JOSE+LUIS+TEIXEIRA+QUENCA,üîç Buscar no Google,5,OURINHOS
JOSE LUIZ DONIZETE DA SILVA,Offline / Sem Site,https://www.google.com/search?q=leilao+JOSE+LUIZ+DONIZETE+DA+SILVA,üîç Buscar no Google,5,S√ÉO PAULO
JOSE LUIZ FERRARESSO CONTI JUNIOR,Offline / Sem Site,https://www.google.com/search?q=leilao+JOSE+LUIZ+FERRARESSO+CONTI+JUNIOR,üîç Buscar no Google,5,CAMPINAS
JOSE MANDEL BOTANA IGLESIAS,Offline / Sem Site,https://www.google.com/search?q=leilao+JOSE+MANDEL+BOTANA+IGLESIAS,üîç Buscar no Google,5,S√ÉO PAULO
JOSE MARCOS PARANHOS OLMOS,Online,http://www.joseolmosleiloes.com.br,üåê Acessar Site,80,S√ÉO PAULO
JOSE MIGUEL TASSELLI,Offline / Sem Site,https://www.google.com/search?q=leilao+JOSE+MIGUEL+TASSELLI,üîç Buscar no Google,5,S√ÉO PAULO
JOSE OSWALDO DE CARVALHO,Online,http://www.nossoleilao.com.br,üåê Acessar Site,80,S√ÉO PAULO
JOSE RICARDO FERREIRA,Online,http://www.arremateleilao.com.br,üåê Acessar Site,80,PALMITAL
JOSE ROBERTO BACELAR ARRUDA,Offline / Sem Site,https://www.google.com/search?q=leilao+JOSE+ROBERTO+BACELAR+ARRUDA,üîç Buscar no Google,5,S√ÉO PAULO
JOSE ROBERTO BORTOLETTO JUNIOR,Offline / Sem Site,https://www.google.com/search?q=leilao+JOSE+ROBERTO+BORTOLETTO+JUNIOR,üîç Buscar no Google,5,S√ÉO PAULO
JOSE ROBERTO KUWAOKA ALBINO,Offline / Sem Site,https://www.google.com/search?q=leilao+JOSE+ROBERTO+KUWAOKA+ALBINO,üîç Buscar no Google,5,S√ÉO JOS√â DO RIO PRETO
JOSE ROBERTO NEVES AMORIM,Online,http://www.dllance.com,üåê Acessar Site,80,S√ÉO PAULO
JOSE RUBENS SILVEIRA LIMA,Offline / Sem Site,https://www.google.com/search?q=leilao+JOSE+RUBENS+SILVEIRA+LIMA,üîç Buscar no Google,5,DIADEMA
JOSE VALERO SANTOS JUNIOR,Online,http://www.iniciativabr.com,üåê Acessar Site,80,RIBEIR√ÉO PRETO
JOS√â CARLOS BARBOSA,Offline / Sem Site,https://www.google.com/search?q=leilao+JOS√â+CARLOS+BARBOSA,üîç Buscar no Google,5,OSASCO
JOS√â ELMIR THOMAZ AQUINO,Offline / Sem Site,https://www.google.com/search?q=leilao+JOS√â+ELMIR+THOMAZ+AQUINO,üîç Buscar no Google,5,CAMPINAS
JOS√â LUIS GON√áALVES DIAS,Offline / Sem Site,https://www.google.com/search?q=leilao+JOS√â+LUIS+GON√áALVES+DIAS,üîç Buscar no Google,5,TAUBAT√â
JULIA DOS SANTOS OLIVEIRA,Offline / Sem Site,https://www.google.com/search?q=leilao+JULIA+DOS+SANTOS+OLIVEIRA,üîç Buscar no Google,5,S√ÉO PAULO
JULIANA BELI,Offline / Sem Site,https://www.google.com/search?q=leilao+JULIANA+BELI,üîç Buscar no Google,5,ESP√çRITO SANTO DO PINHAL
JULIANA HERNANDEZ BORGES,Offline / Sem Site,https://www.google.com/search?q=leilao+JULIANA+HERNANDEZ+BORGES,üîç Buscar no Google,5,GUARUJ√Å
JULIANA HISA SATO,Online,http://www.satoleiloes.com.br,üåê Acessar Site,80,S√ÉO CAETANO DO SUL
JULIO ABDO COSTA CALIL,Online,http://www.calilleiloes.com.br,üåê Acessar Site,80,RIBEIR√ÉO PRETO
JULIO CESAR DE OLIVEIRA,Offline / Sem Site,https://www.google.com/search?q=leilao+JULIO+CESAR+DE+OLIVEIRA,üîç Buscar no Google,5,S√ÉO PAULO
JULIO PAQUES NETO,Offline / Sem Site,https://www.google.com/search?q=leilao+JULIO+PAQUES+NETO,üîç Buscar no Google,5,S√ÉO PAULO
JURANDIR DA COSTA DANTAS,Online,http://www.deseulance.com,üåê Acessar Site,80,S√ÉO PAULO
JUSSIARA SANTOS ERMANO SUKIENNIK,Online,http://www.jussiaraleiloes.com.br,üåê Acessar Site,80,S√ÉO PAULO
KARIN DE ANDRADE CAMPANHA ALVES,Online,http://www.ricoleiloes.com.br,üåê Acessar Site,80,S√ÉO PAULO
KARINA ALVES COSTA MORT√ÅGUA,Offline / Sem Site,https://www.google.com/search?q=leilao+KARINA+ALVES+COSTA+MORT√ÅGUA,üîç Buscar no Google,5,S√ÉO PAULO
KAROLINE DE SOUZA DIAS,Online,http://www.maxilance.com.br,üåê Acessar Site,80,OSASCO
KATIA ALVES SOARES,Offline / Sem Site,https://www.google.com/search?q=leilao+KATIA+ALVES+SOARES,üîç Buscar no Google,5,SANTO ANDR√â
KATIA CHRISTINA MACEDO DE FREITAS,Online,http://www.freitasleiloeiro.com.br,üåê Acessar Site,80,S√ÉO PAULO
KATIA SILENE BALLEJA DE SOUSA,Online,http://www.canaldosleiloes.com.br,üåê Acessar Site,80,S√ÉO PAULO
KEILA REGINA CHIARADIA,Offline / Sem Site,https://www.google.com/search?q=leilao+KEILA+REGINA+CHIARADIA,üîç Buscar no Google,5,S√ÉO PAULO
KELSILENE APARECIDA LAIT DE SOUZA,Online,http://www.tripolonileiloes.com.br,üåê Acessar Site,80,LIMEIRA
LAERTE IWAKI BURIHAM,Offline / Sem Site,https://www.google.com/search?q=leilao+LAERTE+IWAKI+BURIHAM,üîç Buscar no Google,5,S√ÉO PAULO
LAERTE TEIXEIRA MARTINS SILVA,Offline / Sem Site,https://www.google.com/search?q=leilao+LAERTE+TEIXEIRA+MARTINS+SILVA,üîç Buscar no Google,5,S√ÉO PAULO
LAIS LIMA MENEZES,Offline / Sem Site,https://www.google.com/search?q=leilao+LAIS+LIMA+MENEZES,üîç Buscar no Google,5,SANTA ISABEL
LEANDRO MATIAS,Online,http://www.creci.org.br,üåê Acessar Site,80,OSASCO
LEONARDO DE CAMPOS PENIN,Offline / Sem Site,https://www.google.com/search?q=leilao+LEONARDO+DE+CAMPOS+PENIN,üîç Buscar no Google,5,SANTOS
LEONARDO TESSLER ROCHA,Online,http://www.webleiloes.com.br,üåê Acessar Site,80,JUNDIA√ç
LEONARDO VIEIRA AMARAL,Offline / Sem Site,https://www.google.com/search?q=leilao+LEONARDO+VIEIRA+AMARAL,üîç Buscar no Google,5,S√ÉO PAULO
LEONETE MORAES AGUIAR,Offline / Sem Site,https://www.google.com/search?q=leilao+LEONETE+MORAES+AGUIAR,üîç Buscar no Google,5,CAMPINAS
LEOPOLDO HENRIQUE OLIVI ROG√âRIO,Online,http://www.olivirogerioadvogado.com.br,üåê Acessar Site,80,CATANDUVA
LETICIA DE ANDRADE VERRONE,Online,http://www.ricoleiloes.com.br,üåê Acessar Site,80,S√ÉO PAULO
LEVY DOS SANTOS MORAES FILHO,Offline / Sem Site,https://www.google.com/search?q=leilao+LEVY+DOS+SANTOS+MORAES+FILHO,üîç Buscar no Google,5,JACAREZINHO
LIA CAMARGO VON BRUSKY DA FONSECA,Offline / Sem Site,https://www.google.com/search?q=leilao+LIA+CAMARGO+VON+BRUSKY+DA+FONSECA,üîç Buscar no Google,5,S√ÉO PAULO
LIDIANICY XAVIER DE LIMA,Online,http://www.sublimeleiloes.com.br,üåê Acessar Site,80,S√ÉO PAULO
LIEGE SOUZA OLIVEIRA DOS REIS DE CARVALHO,Offline / Sem Site,https://www.google.com/search?q=leilao+LIEGE+SOUZA+OLIVEIRA+DOS+REIS+DE+CARVALHO,üîç Buscar no Google,5,S√ÉO PAULO
LIGIA SEIXAS,Online,http://www.bidmax.com.br,üåê Acessar Site,80,VOTUPORANGA
LILIAN APARECIDA ARA√öJO SILVEIRA,Offline / Sem Site,https://www.google.com/search?q=leilao+LILIAN+APARECIDA+ARA√öJO+SILVEIRA,üîç Buscar no Google,5,MAR√çLIA
LILIAN LOUREN√áO DA SILVA,Offline / Sem Site,https://www.google.com/search?q=leilao+LILIAN+LOUREN√áO+DA+SILVA,üîç Buscar no Google,5,S√ÉO PAULO
LILIANE LOUREN√áO ENGEL,Offline / Sem Site,https://www.google.com/search?q=leilao+LILIANE+LOUREN√áO+ENGEL,üîç Buscar no Google,5,ITAPECERICA DA SERRA
LUCAS ANDREATTA DE OLIVEIRA,Online,http://www.leilofy.com.br,üåê Acessar Site,80,S√ÉO PAULO
LUCAS EDUARDO DALCANALE,Online,http://www.dalcanaleleiloes.com.br,üåê Acessar Site,80,COLOMBO
LUCAS FERREIRA LOUREN√áO DA SILVA,Offline / Sem Site,https://www.google.com/search?q=leilao+LUCAS+FERREIRA+LOUREN√áO+DA+SILVA,üîç Buscar no Google,5,S√ÉO PAULO
LUCAS RAFAEL ANTUNES MOREIRA,Offline / Sem Site,https://www.google.com/search?q=leilao+LUCAS+RAFAEL+ANTUNES+MOREIRA,üîç Buscar no Google,5,CACHOEIRA
LUCAS ROLNIK DE CARVALHO,Offline / Sem Site,https://www.google.com/search?q=leilao+LUCAS+ROLNIK+DE+CARVALHO,üîç Buscar no Google,5,S√ÉO PAULO
LUCIA MARIA FERREIRA BAGAROLLO,Online,http://www.mundodosleiloes.com.br,üåê Acessar Site,80,OL√çMPIA
LUCIANA BURGOS DOS SANTOS,Offline / Sem Site,https://www.google.com/search?q=leilao+LUCIANA+BURGOS+DOS+SANTOS,üîç Buscar no Google,5,CAMPINAS
LUCIANA CAPECHI SILVA GULLICH,Offline / Sem Site,https://www.google.com/search?q=leilao+LUCIANA+CAPECHI+SILVA+GULLICH,üîç Buscar no Google,5,S√ÉO PAULO
LUCIANA DE CASSIA DOS SANTOS DO CARMO,Offline / Sem Site,https://www.google.com/search?q=leilao+LUCIANA+DE+CASSIA+DOS+SANTOS+DO+CARMO,üîç Buscar no Google,5,S√ÉO PAULO
LUCIANO BORGES BERNABE,Offline / Sem Site,https://www.google.com/search?q=leilao+LUCIANO+BORGES+BERNABE,üîç Buscar no Google,5,FRANCA
LUCIANO OTAVIO GOMES FONSECA,Offline / Sem Site,https://www.google.com/search?q=leilao+LUCIANO+OTAVIO+GOMES+FONSECA,üîç Buscar no Google,5,S√ÉO PAULO
LUIS ALBERTO MARTINS DE ARAUJO,Online,http://www.spleiloes.com.br,üåê Acessar Site,80,S√ÉO PAULO
LUIS ALEXANDRE ANDRADE,Online,http://www.andradeleiloes.com.br,üåê Acessar Site,80,DIADEMA
LUIS ANTONIO RIBEIRO,Offline / Sem Site,https://www.google.com/search?q=leilao+LUIS+ANTONIO+RIBEIRO,üîç Buscar no Google,5,S√ÉO PAULO
LUIS FERNANDO DE OLIVEIRA ALVES,Offline / Sem Site,https://www.google.com/search?q=leilao+LUIS+FERNANDO+DE+OLIVEIRA+ALVES,üîç Buscar no Google,5,ARA√áATUBA
LUIS RENATO PAVANI,Offline / Sem Site,https://www.google.com/search?q=leilao+LUIS+RENATO+PAVANI,üîç Buscar no Google,5,RIBEIR√ÉO PRETO
LUIS RICARDO BATTAGLIA,Offline / Sem Site,https://www.google.com/search?q=leilao+LUIS+RICARDO+BATTAGLIA,üîç Buscar no Google,5,SANTA B√ÅRBARA D'OESTE
LUIS RICARDO COELHO,Online,http://www.plazaleiloes.com.br,üåê Acessar Site,80,S√ÉO BERNARDO DO CAMPO
LUIZ ANTONIO SILVEIRA ARENA,Offline / Sem Site,https://www.google.com/search?q=leilao+LUIZ+ANTONIO+SILVEIRA+ARENA,üîç Buscar no Google,5,S√ÉO PAULO
LUIZ CARLOS LEVOTO,Online,http://www.leilaoinvestiment.com.br,üåê Acessar Site,80,S√ÉO PAULO
LUIZ CARLOS MOREIRA,Online,http://www.tableau.com.br,üåê Acessar Site,80,S√ÉO PAULO
LUIZ CARLOS RUSSO,Offline / Sem Site,https://www.google.com/search?q=leilao+LUIZ+CARLOS+RUSSO,üîç Buscar no Google,5,S√ÉO PAULO
LUIZ DOS SANTOS LUQUETA,Online,http://www.nossoleilao.com.br,üåê Acessar Site,80,S√ÉO PAULO
LUIZ EDUARDO GOMES,Online,http://www.vizeu.com.br,üåê Acessar Site,80,RIBEIR√ÉO PRETO
LUIZ FERNANDO DE ABREU SODRE SANTORO,Online,http://www.sodresantoro.com.br,üåê Acessar Site,80,BARUERI
LUIZ FERNANDO MOREIRA DUTRA,Online,http://www.dutraleiloes.com.br,üåê Acessar Site,80,S√ÉO PAULO
LUIZ HENRIQUE CORREA MORT√ÅGUA,Offline / Sem Site,https://www.google.com/search?q=leilao+LUIZ+HENRIQUE+CORREA+MORT√ÅGUA,üîç Buscar no Google,5,S√ÉO PAULO
LUIZ RAFAEL LEMUCHI DE LIMA,Offline / Sem Site,https://www.google.com/search?q=leilao+LUIZ+RAFAEL+LEMUCHI+DE+LIMA,üîç Buscar no Google,5,CURITIBA
LUZINEIDE MONTEIRO DO NASCIMENTO PIMENTA,Offline / Sem Site,https://www.google.com/search?q=leilao+LUZINEIDE+MONTEIRO+DO+NASCIMENTO+PIMENTA,üîç Buscar no Google,5,SOROCABA
MAICON FERRO,Offline / Sem Site,https://www.google.com/search?q=leilao+MAICON+FERRO,üîç Buscar no Google,5,S√ÉO PAULO
MAIRA MACIEL DA SILVA,Online,http://www.fibragaleria.com.br,üåê Acessar Site,80,S√ÉO PAULO
MANUEL LOPES DOS SANTOS,Offline / Sem Site,https://www.google.com/search?q=leilao+MANUEL+LOPES+DOS+SANTOS,üîç Buscar no Google,5,SANTOS
MARA PAULA TONANI FEITOSA,Offline / Sem Site,https://www.google.com/search?q=leilao+MARA+PAULA+TONANI+FEITOSA,üîç Buscar no Google,5,RIBEIR√ÉO PRETO
MARCEL NOGUEIRA CARVALHO,Offline / Sem Site,https://www.google.com/search?q=leilao+MARCEL+NOGUEIRA+CARVALHO,üîç Buscar no Google,5,TUP√É
MARCELA CRIVELARO FERNANDES,Online,http://www.dasa.com.br,üåê Acessar Site,80,S√ÉO PAULO
MARCELLO LEMOS DA CRUZ,Online,http://www.ricoleiloes.com.br,üåê Acessar Site,80,S√ÉO PAULO
MARCELO BRIDI,Offline / Sem Site,https://www.google.com/search?q=leilao+MARCELO+BRIDI,üîç Buscar no Google,5,CAMPINAS
MARCELO CAMARGO DE BRITO,Online,http://www.camargonet.com,üåê Acessar Site,80,S√ÉO PAULO
MARCELO E SILVA BASTON,Offline / Sem Site,https://www.google.com/search?q=leilao+MARCELO+E+SILVA+BASTON,üîç Buscar no Google,5,FRANCA
MARCELO EMIDIO FERREIRA PIEROBOM SILVEIRA,Online,http://www.jsilveira-advogados.com.br,üåê Acessar Site,80,CAMPINAS
MARCELO FUAD CAVALLI YARID,Offline / Sem Site,https://www.google.com/search?q=leilao+MARCELO+FUAD+CAVALLI+YARID,üîç Buscar no Google,5,JUNDIA√ç
MARCELO LIMA DE AQUINO,Offline / Sem Site,https://www.google.com/search?q=leilao+MARCELO+LIMA+DE+AQUINO,üîç Buscar no Google,5,S√ÉO PAULO
MARCELO MUSA MORAIS,Offline / Sem Site,https://www.google.com/search?q=leilao+MARCELO+MUSA+MORAIS,üîç Buscar no Google,5,S√ÉO PAULO
MARCELO PEREIRA SILVA VENTURELI,Online,http://www.ffaconstrutora.com.br,üåê Acessar Site,80,CARAGUATATUBA
MARCELO VALLAND,Online,http://www.pactoleiloes.com.br,üåê Acessar Site,80,S√ÉO PAULO
MARCIA ANNY MARDIROSIAN NAZAR,Offline / Sem Site,https://www.google.com/search?q=leilao+MARCIA+ANNY+MARDIROSIAN+NAZAR,üîç Buscar no Google,5,CAMPINAS
MARCIA POZZI,Offline / Sem Site,https://www.google.com/search?q=leilao+MARCIA+POZZI,üîç Buscar no Google,5,S√ÉO PAULO
MARCOS ANTONIO DA SILVA,Offline / Sem Site,https://www.google.com/search?q=leilao+MARCOS+ANTONIO+DA+SILVA,üîç Buscar no Google,5,FRANCA
MARCOS ANTONIO GARROTI JUNIOR,Online,http://www.lottileiloes.com.br,üåê Acessar Site,80,S√ÉO PAULO
MARCOS ROBERTO TORRES,Online,http://www.3torresleiloes.com.br,üåê Acessar Site,80,RIBEIR√ÉO PRETO
MARGARETE SUELI COMIN GOMES,Offline / Sem Site,https://www.google.com/search?q=leilao+MARGARETE+SUELI+COMIN+GOMES,üîç Buscar no Google,5,AGUDOS
MARIA BEATRIZ DE BARROS SANTORO,Online,http://www.cruzmoyses.adv.br,üåê Acessar Site,80,S√ÉO PAULO
MARIA CRISTINA APARECIDA DOS SANTOS FERRANTI,Online,http://www.ricoleiloes.com.br,üåê Acessar Site,80,MOGI DAS CRUZES
MARIA DO SOCORRO GABRIEL DE SOUSA,Offline / Sem Site,https://www.google.com/search?q=leilao+MARIA+DO+SOCORRO+GABRIEL+DE+SOUSA,üîç Buscar no Google,5,S√ÉO PAULO
MARIA ELIZABETH SEOANES,Offline / Sem Site,https://www.google.com/search?q=leilao+MARIA+ELIZABETH+SEOANES,üîç Buscar no Google,5,S√ÉO PAULO
MARIA GARCIA BERBEL MARCHI,Offline / Sem Site,https://www.google.com/search?q=leilao+MARIA+GARCIA+BERBEL+MARCHI,üîç Buscar no Google,5,VOTUPORANGA
MARIA HELENA FAVA,Offline / Sem Site,https://www.google.com/search?q=leilao+MARIA+HELENA+FAVA,üîç Buscar no Google,5,S√ÉO PAULO
MARIA JULIA MARTINS PIVETA,Online,http://www.olivirogerioleiloes.com.br,üåê Acessar Site,80,CATANDUVA
MARIA LUCIA DE SOUSA TRIPOLONI,Online,http://www.tripolonileiloes.com.br,üåê Acessar Site,80,LIMEIRA
MARIA LUIZA SILVA,Offline / Sem Site,https://www.google.com/search?q=leilao+MARIA+LUIZA+SILVA,üîç Buscar no Google,5,FRANCA
MARIA MARQUES VIEIRA,Online,http://www.lanceleiloes.com,üåê Acessar Site,80,S√ÉO PAULO
MARIA RITA DE CASSIA LIMA VIEIRA,Offline / Sem Site,https://www.google.com/search?q=leilao+MARIA+RITA+DE+CASSIA+LIMA+VIEIRA,üîç Buscar no Google,5,AMERICANA
MARIANA FURLAN AMARAL DE MATTOS ROCHA,Offline / Sem Site,https://www.google.com/search?q=leilao+MARIANA+FURLAN+AMARAL+DE+MATTOS+ROCHA,üîç Buscar no Google,5,CAMPINAS
MARIANA LAURO S SANTORO BATOCHIO,Online,http://www.sodresantoro.com.br,üåê Acessar Site,80,BARUERI
MARIANGELA BELLISSIMO UEBARA,Online,http://www.destakleiloes.com.br,üåê Acessar Site,80,S√ÉO PAULO
MARILAINE BORGES DE PAULA,Online,http://www.e-confianca.com.br,üåê Acessar Site,80,RIBEIR√ÉO PRETO
MARILDA DOS SANTOS RIBAS,Offline / Sem Site,https://www.google.com/search?q=leilao+MARILDA+DOS+SANTOS+RIBAS,üîç Buscar no Google,5,S√ÉO PAULO
MARILIA BERNARDINO TOSOLO,Offline / Sem Site,https://www.google.com/search?q=leilao+MARILIA+BERNARDINO+TOSOLO,üîç Buscar no Google,5,S√ÉO PAULO
MARINA AMADO CENCIN,Online,http://www.cencin.com.br,üåê Acessar Site,80,S√ÉO PAULO
MARITZA GRANDE DA SILVA,Online,http://www.nacionalleiloes.com.br,üåê Acessar Site,80,S√ÉO PAULO
MARTA SIMONE SHIOKAWA,Online,http://www.mleiloes.com.br,üåê Acessar Site,80,PRAIA GRANDE
MARY FRANCINE AMARAL DA SILVA ALARCON,Offline / Sem Site,https://www.google.com/search?q=leilao+MARY+FRANCINE+AMARAL+DA+SILVA+ALARCON,üîç Buscar no Google,5,PRAIA GRANDE
MATHEUS CAMPANA RAMIRES,Offline / Sem Site,https://www.google.com/search?q=leilao+MATHEUS+CAMPANA+RAMIRES,üîç Buscar no Google,5,ASSIS
MATHEUS HENRIQUE LEITE FAGUNDES,Offline / Sem Site,https://www.google.com/search?q=leilao+MATHEUS+HENRIQUE+LEITE+FAGUNDES,üîç Buscar no Google,5,S√ÉO PAULO
MATHEUS PERES CARDOSO,Offline / Sem Site,https://www.google.com/search?q=leilao+MATHEUS+PERES+CARDOSO,üîç Buscar no Google,5,GUARULHOS
MAURICIO ARRUDA BARONI,Offline / Sem Site,https://www.google.com/search?q=leilao+MAURICIO+ARRUDA+BARONI,üîç Buscar no Google,5,SANTA F√â DO SUL
MAURICIO BARBOSA ROMEIRO TERRA,Offline / Sem Site,https://www.google.com/search?q=leilao+MAURICIO+BARBOSA+ROMEIRO+TERRA,üîç Buscar no Google,5,S√ÉO PAULO
MAURICIO GOMES LEITEIRO,Online,http://www.glleiloes.com.br,üåê Acessar Site,80,GUARULHOS
MAURICIO JOSE DE SOUSA COSTA,Online,http://www.mjleiloes.com.br,üåê Acessar Site,80,SUMAR√â
MAURICIO PERSICO,Offline / Sem Site,https://www.google.com/search?q=leilao+MAURICIO+PERSICO,üîç Buscar no Google,5,RIBEIR√ÉO PRETO
MAURICIO SAMBUGARI APPOLINARIO,Online,http://www.andraleiloes.com.br,üåê Acessar Site,80,ANDRADINA
MAURO DA CRUZ,Offline / Sem Site,https://www.google.com/search?q=leilao+MAURO+DA+CRUZ,üîç Buscar no Google,5,SANTOS
MAURO JOSE ZECCHIN DE MORAIS,Offline / Sem Site,https://www.google.com/search?q=leilao+MAURO+JOSE+ZECCHIN+DE+MORAIS,üîç Buscar no Google,5,BRAGAN√áA PAULISTA
MAURO TESSARINI DE CARVALHO,Online,http://www.nossoleilao.com.br,üåê Acessar Site,80,S√ÉO PAULO
MAURO ZUKERMAN,Online,http://www.zukerman.com.br,üåê Acessar Site,80,S√ÉO PAULO
MAYARA TURINA LOTERIO,Offline / Sem Site,https://www.google.com/search?q=leilao+MAYARA+TURINA+LOTERIO,üîç Buscar no Google,5,AMERICANA
MELINA STELLA REBOU√áAS ORTEGA,Offline / Sem Site,https://www.google.com/search?q=leilao+MELINA+STELLA+REBOU√áAS+ORTEGA,üîç Buscar no Google,5,S√ÉO PAULO
MELISSA CHILIANO TEIXEIRA PIRES,Online,http://www.leiloaria.com.br,üåê Acessar Site,80,PIRACICABA
MERCIA REJANE CANOVA FREITAS,Offline / Sem Site,https://www.google.com/search?q=leilao+MERCIA+REJANE+CANOVA+FREITAS,üîç Buscar no Google,5,S√ÉO CARLOS
MICHELE RAGHEB OBEID,Offline / Sem Site,https://www.google.com/search?q=leilao+MICHELE+RAGHEB+OBEID,üîç Buscar no Google,5,VINHEDO
MIGUEL NIEMOJ,Offline / Sem Site,https://www.google.com/search?q=leilao+MIGUEL+NIEMOJ,üîç Buscar no Google,5,S√ÉO PAULO
MIGUEL RICARDO PEREZ,Offline / Sem Site,https://www.google.com/search?q=leilao+MIGUEL+RICARDO+PEREZ,üîç Buscar no Google,5,S√ÉO PAULO
MILENE PEREIRA SOPHIA DE OLIVEIRA,Online,http://www.amaralleiloes.com.br,üåê Acessar Site,80,S√ÉO PAULO
MIRIAM APARECIDA FRANCA,Offline / Sem Site,https://www.google.com/search?q=leilao+MIRIAM+APARECIDA+FRANCA,üîç Buscar no Google,5,SOCORRO
MIRIAM APARECIDA TRINDADE GIR,Online,http://www.conceitoleiloes.com.br,üåê Acessar Site,80,S√ÉO PAULO
MIYUKI NAKAGUCHI,Online,http://www.arenaleilao.com.br,üåê Acessar Site,80,S√ÉO PAULO
MOACIR DE SANTI,Online,http://www.sodresantoro.com.br,üåê Acessar Site,80,S√ÉO PAULO
MONIQUE APARECIDA DE CARVALHO,Offline / Sem Site,https://www.google.com/search?q=leilao+MONIQUE+APARECIDA+DE+CARVALHO,üîç Buscar no Google,5,FRANCA
MOUZAR BASTON FILHO,Online,http://www.bastonleiloes.com.br,üåê Acessar Site,80,FRANCA
MURILO PAES LOPES LOUREN√áO,Online,http://www.leilaobrasil.com.br,üåê Acessar Site,80,S√ÉO PAULO
NATACHA BORBOLLA MORALES,Online,http://www.socorronet.com.br,üåê Acessar Site,80,SOCORRO
NATALIA GIR DE ANDRADE,Offline / Sem Site,https://www.google.com/search?q=leilao+NATALIA+GIR+DE+ANDRADE,üîç Buscar no Google,5,S√ÉO PAULO
NATASHA COELHO ULIVI,Offline / Sem Site,https://www.google.com/search?q=leilao+NATASHA+COELHO+ULIVI,üîç Buscar no Google,5,S√ÉO PAULO
NELSON BERNARDO JUNIOR,Offline / Sem Site,https://www.google.com/search?q=leilao+NELSON+BERNARDO+JUNIOR,üîç Buscar no Google,5,S√ÉO PAULO
NELSON REIS GAVAZZONI SILVA,Online,http://www.ademirocontab.com.br,üåê Acessar Site,80,S√ÉO PAULO
NILTON BRANCALLIAO,Online,http://www.brancalliao.com.br,üåê Acessar Site,80,S√ÉO CAETANO DO SUL
NILTON ZANLORENZI JUNIOR,Offline / Sem Site,https://www.google.com/search?q=leilao+NILTON+ZANLORENZI+JUNIOR,üîç Buscar no Google,5,BARUERI
OCTAVIO DE AZEVEDO MARQUES DA ROCHA E SILVA,Offline / Sem Site,https://www.google.com/search?q=leilao+OCTAVIO+DE+AZEVEDO+MARQUES+DA+ROCHA+E+SILVA,üîç Buscar no Google,5,SANTOS
ODILSON ALVES DE OLIVEIRA,Offline / Sem Site,https://www.google.com/search?q=leilao+ODILSON+ALVES+DE+OLIVEIRA,üîç Buscar no Google,5,S√ÉO PAULO
ORLANDO ALVES DE CARVALHO,Offline / Sem Site,https://www.google.com/search?q=leilao+ORLANDO+ALVES+DE+CARVALHO,üîç Buscar no Google,5,S√ÉO PAULO
ORLANDO ARAUJO DOS SANTOS,Online,http://www.oaleiloes.com.br,üåê Acessar Site,80,BRAS√çLIA
OSCAR MOHERDAUI,Offline / Sem Site,https://www.google.com/search?q=leilao+OSCAR+MOHERDAUI,üîç Buscar no Google,5,S√ÉO PAULO
OSMAR ANTONIO CLINI JUNIOR,Offline / Sem Site,https://www.google.com/search?q=leilao+OSMAR+ANTONIO+CLINI+JUNIOR,üîç Buscar no Google,5,S√ÉO PAULO
OSVALDO APARECIDO ALBINO,Offline / Sem Site,https://www.google.com/search?q=leilao+OSVALDO+APARECIDO+ALBINO,üîç Buscar no Google,5,ASSIS
OSVALDO APARECIDO COSTI,Offline / Sem Site,https://www.google.com/search?q=leilao+OSVALDO+APARECIDO+COSTI,üîç Buscar no Google,5,PO√Å
OSVALDO SEOANES,Offline / Sem Site,https://www.google.com/search?q=leilao+OSVALDO+SEOANES,üîç Buscar no Google,5,S√ÉO PAULO
OTAVIO LAURO SODRE SANTORO,Online,http://www.sodresantoro.com.br,üåê Acessar Site,80,BARUERI
OTAVIO MARTINS COLUCCI,Offline / Sem Site,https://www.google.com/search?q=leilao+OTAVIO+MARTINS+COLUCCI,üîç Buscar no Google,5,S√ÉO PAULO
PABLO CORREA DA CRUZ,Offline / Sem Site,https://www.google.com/search?q=leilao+PABLO+CORREA+DA+CRUZ,üîç Buscar no Google,5,S√ÉO PAULO
PATRICIA AVELAR MONTEIRO FIDALGO,Online,http://www.fidalgoleiloes.com.br,üåê Acessar Site,80,S√ÉO PAULO
PATRICIA CHRISTINA MACEDO DE FREITAS,Online,http://www.freitasleiloeiro.com.br,üåê Acessar Site,80,S√ÉO PAULO
PATRICIA FERNANDES,Offline / Sem Site,https://www.google.com/search?q=leilao+PATRICIA+FERNANDES,üîç Buscar no Google,5,BARUERI
PATRICIA MENDES RIZZO,Offline / Sem Site,https://www.google.com/search?q=leilao+PATRICIA+MENDES+RIZZO,üîç Buscar no Google,5,RIBEIR√ÉO PRETO
PATRICIA ZAMPIERI DE SOUZA,Offline / Sem Site,https://www.google.com/search?q=leilao+PATRICIA+ZAMPIERI+DE+SOUZA,üîç Buscar no Google,5,S√ÉO CAETANO DO SUL
PAULA PALADINO CURIA CONDE SANTOS,Online,http://www.mjgassessoria.com.br,üåê Acessar Site,80,S√ÉO PAULO
PAULO CESAR DE CARVALHO,Online,http://www.nossoleilao.com.br,üåê Acessar Site,80,S√ÉO PAULO
PAULO EDUARDO LOPES RODRIGUES DE SOUZA,Online,http://www.loopbrasil.com,üåê Acessar Site,80,MOGI DAS CRUZES
PAULO FRANCISCO ANTONIO CASALE LAURO,Offline / Sem Site,https://www.google.com/search?q=leilao+PAULO+FRANCISCO+ANTONIO+CASALE+LAURO,üîç Buscar no Google,5,SANTANA DE PARNA√çBA
PAULO LOUVATTO,Offline / Sem Site,https://www.google.com/search?q=leilao+PAULO+LOUVATTO,üîç Buscar no Google,5,S√ÉO PAULO
PAULO MARCELO SILVA ALMEIDA,Offline / Sem Site,https://www.google.com/search?q=leilao+PAULO+MARCELO+SILVA+ALMEIDA,üîç Buscar no Google,5,S√ÉO PAULO
PAULO ROGERIO VITULIO DO PATROCINIO,Offline / Sem Site,https://www.google.com/search?q=leilao+PAULO+ROGERIO+VITULIO+DO+PATROCINIO,üîç Buscar no Google,5,S√ÉO PAULO
PEDRO ANTONIO NETO,Offline / Sem Site,https://www.google.com/search?q=leilao+PEDRO+ANTONIO+NETO,üîç Buscar no Google,5,ASSIS
PEDRO HENRIQUE ERBOLATO MORAES DE OLIVEIRA,Online,http://www.sumareleiloes.com.br,üåê Acessar Site,80,SUMAR√â
PEDRO HENRIQUE MULLER DOS SANTOS,Offline / Sem Site,https://www.google.com/search?q=leilao+PEDRO+HENRIQUE+MULLER+DOS+SANTOS,üîç Buscar no Google,5,ARARAQUARA
PEDRO ROBERTO GARCIA,Offline / Sem Site,https://www.google.com/search?q=leilao+PEDRO+ROBERTO+GARCIA,üîç Buscar no Google,5,S√ÉO PAULO
PERSIO BOSCHETTI JUNIOR,Online,http://www.deseulance.com,üåê Acessar Site,80,S√ÉO PAULO
PERSIO THOMAZ FERREIRA ROSA,Online,http://www.frosa.com.br,üåê Acessar Site,80,S√ÉO PAULO
PHILLIPE SANTOS INIGUEZ OMELLA,Offline / Sem Site,https://www.google.com/search?q=leilao+PHILLIPE+SANTOS+INIGUEZ+OMELLA,üîç Buscar no Google,5,S√ÉO PAULO
PRISCILA DA SILVA JORDAO,Offline / Sem Site,https://www.google.com/search?q=leilao+PRISCILA+DA+SILVA+JORDAO,üîç Buscar no Google,5,S√ÉO PAULO
RAFAEL BRAMBILA PEIXOTO,Online,http://www.peixotoleiloes.com.br,üåê Acessar Site,80,OSVALDO CRUZ
RAFAEL CHUERI GURGEL,Offline / Sem Site,https://www.google.com/search?q=leilao+RAFAEL+CHUERI+GURGEL,üîç Buscar no Google,5,TAQUARITUBA
RAFAEL CICOLIN,Offline / Sem Site,https://www.google.com/search?q=leilao+RAFAEL+CICOLIN,üîç Buscar no Google,5,AMERICANA
RAFAEL DE ANDRADE VERRONE,Offline / Sem Site,https://www.google.com/search?q=leilao+RAFAEL+DE+ANDRADE+VERRONE,üîç Buscar no Google,5,S√ÉO PAULO
RAFAEL GAVINO FIGUEIREDO,Offline / Sem Site,https://www.google.com/search?q=leilao+RAFAEL+GAVINO+FIGUEIREDO,üîç Buscar no Google,5,S√ÉO PAULO
RAFAEL PETROZZIELLO,Offline / Sem Site,https://www.google.com/search?q=leilao+RAFAEL+PETROZZIELLO,üîç Buscar no Google,5,CAJAMAR
RAFAEL RIBEIRO CLAUDINO,Offline / Sem Site,https://www.google.com/search?q=leilao+RAFAEL+RIBEIRO+CLAUDINO,üîç Buscar no Google,5,S√ÉO BERNARDO DO CAMPO
RAFAEL RUIZ ZAFALON DE PAULA,Offline / Sem Site,https://www.google.com/search?q=leilao+RAFAEL+RUIZ+ZAFALON+DE+PAULA,üîç Buscar no Google,5,S√ÉO CARLOS
RAFAEL TRIPOLONI,Online,http://www.tripolonileiloes.com.br,üåê Acessar Site,80,LIMEIRA
RAFAELA MELO FERREIRA,Online,http://www.palaciodosleiloes.com.br,üåê Acessar Site,80,NOVA LIMA
RAMY MOSCOVIC,Online,http://www.acsp.com.br,üåê Acessar Site,80,S√ÉO PAULO
RAPHAEL CAVALLI YARID,Offline / Sem Site,https://www.google.com/search?q=leilao+RAPHAEL+CAVALLI+YARID,üîç Buscar no Google,5,JUNDIA√ç
REGINA APARECIDA MAZA MARQUES,Offline / Sem Site,https://www.google.com/search?q=leilao+REGINA+APARECIDA+MAZA+MARQUES,üîç Buscar no Google,5,MOGI DAS CRUZES
REGINA TERESA FRANCI BROTTO,Online,http://www.brottoleiloes.com.br,üåê Acessar Site,80,SANTO ANDR√â
REGINALDO DE FARIA CARVALHO,Offline / Sem Site,https://www.google.com/search?q=leilao+REGINALDO+DE+FARIA+CARVALHO,üîç Buscar no Google,5,S√ÉO PAULO
REINALDO MARQUES DA SILVA,Offline / Sem Site,https://www.google.com/search?q=leilao+REINALDO+MARQUES+DA+SILVA,üîç Buscar no Google,5,S√ÉO PAULO
RENAN BERTOLUCCI CHACON,Offline / Sem Site,https://www.google.com/search?q=leilao+RENAN+BERTOLUCCI+CHACON,üîç Buscar no Google,5,JA√ö
RENAN FIRMO DE CAMPOS,Offline / Sem Site,https://www.google.com/search?q=leilao+RENAN+FIRMO+DE+CAMPOS,üîç Buscar no Google,5,AMERICANA
RENAN SOUZA SILVA,Online,http://www.souzasilvaleiloes.com.br,üåê Acessar Site,80,S√ÉO PAULO
RENATA FRANKLIN SIM√ïES,Offline / Sem Site,https://www.google.com/search?q=leilao+RENATA+FRANKLIN+SIM√ïES,üîç Buscar no Google,5,S√ÉO PAULO
RENATA RAISSA RODRIGUES,Offline / Sem Site,https://www.google.com/search?q=leilao+RENATA+RAISSA+RODRIGUES,üîç Buscar no Google,5,S√ÉO PAULO
RENATO MORAIS FARO,Offline / Sem Site,https://www.google.com/search?q=leilao+RENATO+MORAIS+FARO,üîç Buscar no Google,5,S√ÉO PAULO
RENATO SCHLOBACH MOYSES,Online,http://www.superbidjudicial.com.br,üåê Acessar Site,80,S√ÉO PAULO
RENNAN DE SOUZA MENEGON,Offline / Sem Site,https://www.google.com/search?q=leilao+RENNAN+DE+SOUZA+MENEGON,üîç Buscar no Google,5,MAR√çLIA
RICARDO LUCAS GRANADO DA SILVA,Online,http://www.granadoleiloes.com.br,üåê Acessar Site,80,S√ÉO PAULO
RICARDO MAGNANI LAUAND,Offline / Sem Site,https://www.google.com/search?q=leilao+RICARDO+MAGNANI+LAUAND,üîç Buscar no Google,5,ARARAQUARA
RICARDO MIRANDA DE SOUZA,Online,http://www.jordaoleiloes.com.br,üåê Acessar Site,80,S√ÉO PAULO
RITA DE CASSIA OLIVEIRA,Offline / Sem Site,https://www.google.com/search?q=leilao+RITA+DE+CASSIA+OLIVEIRA,üîç Buscar no Google,5,S√ÉO PAULO
RITA DE CASSIA PINTO RODRIGUES BARBOSA,Offline / Sem Site,https://www.google.com/search?q=leilao+RITA+DE+CASSIA+PINTO+RODRIGUES+BARBOSA,üîç Buscar no Google,5,S√ÉO JOS√â DO RIO PRETO
ROBERTO BALLEJA JUNIOR,Online,http://www.canaldosleiloes.com.br,üåê Acessar Site,80,S√ÉO PAULO
ROBERTO CARLOS PAULELLA,Offline / Sem Site,https://www.google.com/search?q=leilao+ROBERTO+CARLOS+PAULELLA,üîç Buscar no Google,5,S√ÉO PAULO
ROBERTO DE MAGALHAES GOUVEA,Online,http://www.guiadearte.com.br,üåê Acessar Site,80,S√ÉO PAULO
ROBERTO DOS REIS JUNIOR,Online,http://www.casareisleiloesonline.com.br,üåê Acessar Site,80,S√ÉO PAULO
ROBERTO MAURO,Offline / Sem Site,https://www.google.com/search?q=leilao+ROBERTO+MAURO,üîç Buscar no Google,5,BARUERI
RODRIGO ADRIANO DOS SANTOS,Offline / Sem Site,https://www.google.com/search?q=leilao+RODRIGO+ADRIANO+DOS+SANTOS,üîç Buscar no Google,5,S√ÉO JOS√â DOS CAMPOS
RODRIGO ALVITI,Offline / Sem Site,https://www.google.com/search?q=leilao+RODRIGO+ALVITI,üîç Buscar no Google,5,S√ÉO PAULO
RODRIGO APARECIDO RIGOLON DA SILVA,Offline / Sem Site,https://www.google.com/search?q=leilao+RODRIGO+APARECIDO+RIGOLON+DA+SILVA,üîç Buscar no Google,5,ARARAQUARA
ROGERIO BOIA JION,Offline / Sem Site,https://www.google.com/search?q=leilao+ROGERIO+BOIA+JION,üîç Buscar no Google,5,S√ÉO PAULO
ROGERIO DAMASIO DE OLIVEIRA,Offline / Sem Site,https://www.google.com/search?q=leilao+ROGERIO+DAMASIO+DE+OLIVEIRA,üîç Buscar no Google,5,S√ÉO PAULO
ROGERIO NUNES PEREIRA MAIA,Offline / Sem Site,https://www.google.com/search?q=leilao+ROGERIO+NUNES+PEREIRA+MAIA,üîç Buscar no Google,5,S√ÉO PAULO
ROGERIO RODRIGUES SILVA,Offline / Sem Site,https://www.google.com/search?q=leilao+ROGERIO+RODRIGUES+SILVA,üîç Buscar no Google,5,S√ÉO PAULO
ROGERIO SOARES DE PADUA,Offline / Sem Site,https://www.google.com/search?q=leilao+ROGERIO+SOARES+DE+PADUA,üîç Buscar no Google,5,S√ÉO PAULO
ROMUALDO PANDOLFO,Online,http://www.totalleiloes.com.br,üåê Acessar Site,80,PIRACICABA
ROM√ÅRIO ALDROVANDI RUIZ,Offline / Sem Site,https://www.google.com/search?q=leilao+ROM√ÅRIO+ALDROVANDI+RUIZ,üîç Buscar no Google,5,BOCAINA
RONALDO DUTRA DA SILVA,Online,http://www.regenteleiloes.com.br,üåê Acessar Site,80,S√ÉO PAULO
RONALDO MILAN,Online,http://www.milanleiloes.com.br,üåê Acessar Site,80,S√ÉO PAULO
RONALDO SERGIO MONTENEGRO RODRIGUES FARO,Offline / Sem Site,https://www.google.com/search?q=leilao+RONALDO+SERGIO+MONTENEGRO+RODRIGUES+FARO,üîç Buscar no Google,5,S√ÉO PAULO
ROSANA LEMOS DA COSTA,Online,http://www.ricoleiloes.com.br,üåê Acessar Site,80,S√ÉO PAULO
RUI RIBEIRO DE OLIVEIRA JUNIOR,Offline / Sem Site,https://www.google.com/search?q=leilao+RUI+RIBEIRO+DE+OLIVEIRA+JUNIOR,üîç Buscar no Google,5,S√ÉO PAULO
SABRINA DE ANDRADE VERRONE,Online,http://www.ricoleiloes.com.br,üåê Acessar Site,80,S√ÉO PAULO
SAMI RAICHER,Offline / Sem Site,https://www.google.com/search?q=leilao+SAMI+RAICHER,üîç Buscar no Google,5,S√ÉO PAULO
SANDRA REGINA DE ALMEIDA,Offline / Sem Site,https://www.google.com/search?q=leilao+SANDRA+REGINA+DE+ALMEIDA,üîç Buscar no Google,5,S√ÉO PAULO
SERGIO ALTIT,Offline / Sem Site,https://www.google.com/search?q=leilao+SERGIO+ALTIT,üîç Buscar no Google,5,S√ÉO PAULO
SERGIO GUY RAMOS,Offline / Sem Site,https://www.google.com/search?q=leilao+SERGIO+GUY+RAMOS,üîç Buscar no Google,5,BARUERI
SERGIO LUIZ KAZUNORI HIRASAWA,Offline / Sem Site,https://www.google.com/search?q=leilao+SERGIO+LUIZ+KAZUNORI+HIRASAWA,üîç Buscar no Google,5,S√ÉO PAULO
SERGIO ROMANO VIEIRA JUNIOR,Offline / Sem Site,https://www.google.com/search?q=leilao+SERGIO+ROMANO+VIEIRA+JUNIOR,üîç Buscar no Google,5,S√ÉO PAULO
SERGIO SERENO,Offline / Sem Site,https://www.google.com/search?q=leilao+SERGIO+SERENO,üîç Buscar no Google,5,JUNDIA√ç
SERGIO VILLA NOVA DE FREITAS,Online,http://www.freitasleiloeiro.com.br,üåê Acessar Site,80,S√ÉO PAULO
SHEILA SOUTO FERNANDES DOS SANTOS,Offline / Sem Site,https://www.google.com/search?q=leilao+SHEILA+SOUTO+FERNANDES+DOS+SANTOS,üîç Buscar no Google,5,S√ÉO PAULO
SILMARA CRISTINA VIDMANTAS,Offline / Sem Site,https://www.google.com/search?q=leilao+SILMARA+CRISTINA+VIDMANTAS,üîç Buscar no Google,5,RIO CLARO
SILVANIA BALBO SOARES,Offline / Sem Site,https://www.google.com/search?q=leilao+SILVANIA+BALBO+SOARES,üîç Buscar no Google,5,SANTO ANDR√â
SILVIA DA SILVA GARRIDO,Online,http://www.gpsleiloes.com.br,üåê Acessar Site,80,S√ÉO PAULO
SILVIA DAU PELLONI DE SOUZA,Online,http://www.casaamarelaleiloes.com.br,üåê Acessar Site,80,S√ÉO PAULO
SILVIA DE CASTRO MARQUES,Online,http://www.silvialeiloes.com.br,üåê Acessar Site,80,S√ÉO PAULO
SILVIO CESAR DE JESUS SANTOS,Online,http://www.editalleiloes.com.br,üåê Acessar Site,80,SANTOS
SPARTACO SANTI JUNIOR,Online,http://www.aasp.org.br,üåê Acessar Site,80,SANTO ANDR√â
STEPHANO GEORGETTI,Offline / Sem Site,https://www.google.com/search?q=leilao+STEPHANO+GEORGETTI,üîç Buscar no Google,5,RIO CLARO
TATIANA APARECIDA LINDSTRON DE OLIVEIRA,Offline / Sem Site,https://www.google.com/search?q=leilao+TATIANA+APARECIDA+LINDSTRON+DE+OLIVEIRA,üîç Buscar no Google,5,S√ÉO PAULO
TATIANA DA SILVA VASCONCELOS,Offline / Sem Site,https://www.google.com/search?q=leilao+TATIANA+DA+SILVA+VASCONCELOS,üîç Buscar no Google,5,FRANCA
TATIANA HISA SATO,Online,http://www.satoleiloes.com.br,üåê Acessar Site,80,S√ÉO CAETANO DO SUL
THAIS SILVA MOREIRA DE SOUSA,Online,http://www.tmleiloes.com.br,üåê Acessar Site,80,S√ÉO PAULO
THAIS SPAGOLLA FERNANDES,Offline / Sem Site,https://www.google.com/search?q=leilao+THAIS+SPAGOLLA+FERNANDES,üîç Buscar no Google,5,S√ÉO PAULO
TIAGO CLEMENTE SAMPAIO,Online,http://www.multipliqueleiloes.com.br,üåê Acessar Site,80,OSASCO
TIAGO LOPES ROZADO,Online,http://www.rozado.adv.br,üåê Acessar Site,80,S√ÉO PAULO
TIAGO TESSLER BLECHER,Online,http://www.webleiloes.com.br,üåê Acessar Site,80,S√ÉO PAULO
UGO ROSSI FILHO,Offline / Sem Site,https://www.google.com/search?q=leilao+UGO+ROSSI+FILHO,üîç Buscar no Google,5,S√ÉO PAULO
UILIAN APARECIDO DA SILVA,Online,http://www.goldleiloes.com.br,üåê Acessar Site,80,S√ÉO PAULO
ULY LUZZI DIAS,Offline / Sem Site,https://www.google.com/search?q=leilao+ULY+LUZZI+DIAS,üîç Buscar no Google,5,S√ÉO PAULO
VALDIRENE DE CAMPOS,Offline / Sem Site,https://www.google.com/search?q=leilao+VALDIRENE+DE+CAMPOS,üîç Buscar no Google,5,S√ÉO PAULO
VANESSA ALVES DE MOURA,Offline / Sem Site,https://www.google.com/search?q=leilao+VANESSA+ALVES+DE+MOURA,üîç Buscar no Google,5,S√ÉO JOS√â DOS CAMPOS
VANESSA SILVESTRE BARBOZA,Online,http://www.vanessaleiloes.com.br,üåê Acessar Site,80,OL√çMPIA
VICENTE ALVES PEREIRA NETO,Online,http://www.agencialeilao.com.br,üåê Acessar Site,80,S√ÉO PAULO
VICENTE DE PAULO ALBUQUERQUE COSTA FILHO,Online,http://www.vipleiloes.com.br,üåê Acessar Site,80,S√ÉO PAULO
VICTOR ALBERTO SEVERINO FRAZAO,Online,http://www.sfrazao.com.br,üåê Acessar Site,80,BARUERI
VICTOR SENNA GIR ANDRADE,Offline / Sem Site,https://www.google.com/search?q=leilao+VICTOR+SENNA+GIR+ANDRADE,üîç Buscar no Google,5,S√ÉO PAULO
VILMA AMARAL BARROS,Offline / Sem Site,https://www.google.com/search?q=leilao+VILMA+AMARAL+BARROS,üîç Buscar no Google,5,S√ÉO PAULO
VINICIO ORLANDO TOMEI,Offline / Sem Site,https://www.google.com/search?q=leilao+VINICIO+ORLANDO+TOMEI,üîç Buscar no Google,5,S√ÉO PAULO
VINICIUS JORGE STIPP,Offline / Sem Site,https://www.google.com/search?q=leilao+VINICIUS+JORGE+STIPP,üîç Buscar no Google,5,PIRACICABA
VIRIATO DOMINGUES CRAVO,Online,http://www.cravoleiloes.com.br,üåê Acessar Site,80,S√ÉO PAULO
VITOR HENRIQUE ALBERTO BERNARDO,Offline / Sem Site,https://www.google.com/search?q=leilao+VITOR+HENRIQUE+ALBERTO+BERNARDO,üîç Buscar no Google,5,S√ÉO PAULO
VIVIAN ALMEIDA LOPES PARRILHA,Offline / Sem Site,https://www.google.com/search?q=leilao+VIVIAN+ALMEIDA+LOPES+PARRILHA,üîç Buscar no Google,5,ASSIS
VIVIAN CRISTINE DIANESE PEREZ,Offline / Sem Site,https://www.google.com/search?q=leilao+VIVIAN+CRISTINE+DIANESE+PEREZ,üîç Buscar no Google,5,S√ÉO PAULO
VIVIAN THOMAZ KATZENELSON,Offline / Sem Site,https://www.google.com/search?q=leilao+VIVIAN+THOMAZ+KATZENELSON,üîç Buscar no Google,5,S√ÉO PAULO
VIVIANE MARIA GONCALVES DA SILVA,Online,http://www.savoyleiloes.com.br,üåê Acessar Site,80,CAMPOS DO JORD√ÉO
VIVIANE PIVA GOMES SALES,Online,http://www.rocketleiloes.com.br,üåê Acessar Site,80,S√ÉO PAULO
WAGNER BARCELLO CLEMENTE,Offline / Sem Site,https://www.google.com/search?q=leilao+WAGNER+BARCELLO+CLEMENTE,üîç Buscar no Google,5,RIO CLARO
WAGNER LOTTI,Online,http://www.lottileiloes.com.br,üåê Acessar Site,80,S√ÉO PAULO
WALTER AURELIO MASAKASU HIRASAWA,Offline / Sem Site,https://www.google.com/search?q=leilao+WALTER+AURELIO+MASAKASU+HIRASAWA,üîç Buscar no Google,5,S√ÉO PAULO
WALTER ROBERTO RACHID JUNIOR,Offline / Sem Site,https://www.google.com/search?q=leilao+WALTER+ROBERTO+RACHID+JUNIOR,üîç Buscar no Google,5,S√ÉO PAULO
WANDERLEY SAMUEL PEREIRA,Offline / Sem Site,https://www.google.com/search?q=leilao+WANDERLEY+SAMUEL+PEREIRA,üîç Buscar no Google,5,S√ÉO PAULO
WASHINGTON LUIZ PEREIRA VIZEU,Online,http://www.vizeu.com.br,üåê Acessar Site,80,S√ÉO PAULO
WEIDER ANDR√â HENOJO,Offline / Sem Site,https://www.google.com/search?q=leilao+WEIDER+ANDR√â+HENOJO,üîç Buscar no Google,5,TAQUARITINGA
WELLINGTON DA CONCEI√á√ÉO AIRES,Offline / Sem Site,https://www.google.com/search?q=leilao+WELLINGTON+DA+CONCEI√á√ÉO+AIRES,üîç Buscar no Google,5,RIBEIR√ÉO PIRES
WELLYNGTON JOSE RODRIGUES JUNIOR DOS SANTOS,Offline / Sem Site,https://www.google.com/search?q=leilao+WELLYNGTON+JOSE+RODRIGUES+JUNIOR+DOS+SANTOS,üîç Buscar no Google,5,S√ÉO PAULO
WENDEL DE MELLO,Online,http://www.wmleiloes.com.br,üåê Acessar Site,80,S√ÉO PAULO
WENDELL MARCEL CALIXTO FELIX,Offline / Sem Site,https://www.google.com/search?q=leilao+WENDELL+MARCEL+CALIXTO+FELIX,üîç Buscar no Google,5,S√ÉO PAULO
WENDER FERREIRA DE CARVALHO,Offline / Sem Site,https://www.google.com/search?q=leilao+WENDER+FERREIRA+DE+CARVALHO,üîç Buscar no Google,5,S√ÉO PAULO
WESLEY OLIVEIRA ASCANIO,Offline / Sem Site,https://www.google.com/search?q=leilao+WESLEY+OLIVEIRA+ASCANIO,üîç Buscar no Google,5,S√ÉO PAULO
WILLIAN AUGUSTO FERREIRA DE ARAUJO,Online,http://www.willianleiloes.com.br,üåê Acessar Site,80,RIBEIR√ÉO PRETO
WILLIAN PEREIRA TEIXEIRA QUENCA,Online,http://www.sumareleiloes.com.br,üåê Acessar Site,80,BERTIOGA
YURI DONISETE GALLO,Offline / Sem Site,https://www.google.com/search?q=leilao+YURI+DONISETE+GALLO,üîç Buscar no Google,5,LEME
ZILDA DE FATIMA MENEGON FERNANDEZ,Offline / Sem Site,https://www.google.com/search?q=leilao+ZILDA+DE+FATIMA+MENEGON+FERNANDEZ,üîç Buscar no Google,5,MAR√çLIA
ZULEIKA MATSUMURA AKIMOTO,Offline / Sem Site,https://www.google.com/search?q=leilao+ZULEIKA+MATSUMURA+AKIMOTO,üîç Buscar no Google,5,EMBU-GUA√áU
√ÅLVARO SERGIO FUZO,Offline / Sem Site,https://www.google.com/search?q=leilao+√ÅLVARO+SERGIO+FUZO,üîç Buscar no Google,5,GOI√ÇNIA
EDER CASSIO DA SILVA GUIRARDI,Offline / Sem Site,https://www.google.com/search?q=leilao+EDER+CASSIO+DA+SILVA+GUIRARDI,üîç Buscar no Google,5,MERIDIANO
